{"features":{"type":1,"values":[1.0,3032.0,4.0,3.0]},"Price":545000.0,"prediction":442174.3945377052}
{"features":{"type":1,"values":[14.0,1800.0,3.0,3.0]},"Price":324900.0,"prediction":494790.67763935}
{"features":{"type":1,"values":[0.0,1603.0,4.0,2.0]},"Price":192900.0,"prediction":265201.7931727433}
{"features":{"type":1,"values":[0.0,1400.0,3.0,2.0]},"Price":249000.0,"prediction":232016.8892621121}
{"features":{"type":1,"values":[3.0,1257.0,2.0,2.0]},"Price":299000.0,"prediction":364415.1201531529}
{"features":{"type":1,"values":[12.0,2950.0,3.0,3.0]},"Price":599000.0,"prediction":788068.8097513597}
{"features":{"type":1,"values":[11.0,4168.0,4.0,3.0]},"Price":1100000.0,"prediction":1071844.5413076775}
{"features":{"type":1,"values":[0.0,1700.0,3.0,3.0]},"Price":279000.0,"prediction":275835.2743263397}
{"features":{"type":1,"values":[0.0,1206.0,4.0,2.0]},"Price":250000.0,"prediction":204033.10341991912}
{"features":{"type":1,"values":[0.0,1450.0,3.0,3.0]},"Price":199000.0,"prediction":246632.45884793397}
{"features":{"type":1,"values":[17.0,6500.0,4.0,3.0]},"Price":1399000.0,"prediction":1084009.591673978}
{"features":{"type":1,"values":[0.0,2250.0,3.0,4.0]},"Price":499000.0,"prediction":461173.4571680341}
{"features":{"type":1,"values":[4.0,2688.0,7.0,5.0]},"Price":325000.0,"prediction":1369955.2512626261}
{"features":{"type":1,"values":[0.0,900.0,1.0,1.0]},"Price":119000.0,"prediction":162475.29395503612}
{"features":{"type":1,"values":[17.0,3100.0,4.0,4.0]},"Price":799000.0,"prediction":860020.9188819954}
{"features":{"type":1,"values":[0.0,1042.0,3.0,1.0]},"Price":129900.0,"prediction":173282.74921981187}
{"features":{"type":1,"values":[0.0,1064.0,5.0,2.0]},"Price":148900.0,"prediction":195988.50562854952}
{"features":{"type":1,"values":[0.0,1940.0,4.0,3.0]},"Price":225000.0,"prediction":287478.0945364922}
{"features":{"type":1,"values":[0.0,2013.0,3.0,3.0]},"Price":249999.0,"prediction":372050.8933327897}
{"features":{"type":1,"values":[2.0,3387.0,4.0,4.0]},"Price":750000.0,"prediction":970636.9564518814}
{"features":{"type":1,"values":[2.0,3305.0,4.0,3.0]},"Price":810000.0,"prediction":760030.9164085916}
{"features":{"type":1,"values":[1.0,1316.0,3.0,2.0]},"Price":294900.0,"prediction":253633.35867533815}
{"features":{"type":1,"values":[21.0,1092.0,3.0,2.0]},"Price":194900.0,"prediction":561532.6724327342}
{"features":{"type":1,"values":[28.0,1705.0,3.0,2.0]},"Price":309900.0,"prediction":527411.6088405828}
{"features":{"type":1,"values":[17.0,2100.0,2.0,3.0]},"Price":479000.0,"prediction":816794.0681230621}
{"features":{"type":1,"values":[1.0,1440.0,3.0,2.0]},"Price":164900.0,"prediction":273568.55614813033}
{"features":{"type":1,"values":[0.0,1218.0,3.0,2.0]},"Price":242500.0,"prediction":204033.10341991912}
{"features":{"type":1,"values":[1.0,2764.0,5.0,3.0]},"Price":599900.0,"prediction":471985.83550992736}
{"features":{"type":1,"values":[1.0,1662.0,3.0,2.0]},"Price":249000.0,"prediction":295084.52917137067}
{"features":{"type":1,"values":[4.0,1033.0,2.0,2.0]},"Price":179000.0,"prediction":214362.09665301658}
{"features":{"type":1,"values":[32.0,1500.0,3.0,2.0]},"Price":425000.0,"prediction":602581.8493956605}
{"features":{"type":1,"values":[6.0,896.0,2.0,2.0]},"Price":150000.0,"prediction":203679.15098920523}
{"features":{"type":1,"values":[26.0,936.0,3.0,1.0]},"Price":69900.0,"prediction":292886.0753975118}
{"features":{"type":1,"values":[2.0,1022.0,3.0,2.0]},"Price":239000.0,"prediction":242744.8683148306}
{"features":{"type":1,"values":[1.0,1209.0,3.0,2.0]},"Price":299900.0,"prediction":261230.60673735366}
{"features":{"type":1,"values":[0.0,731.0,1.0,1.0]},"Price":105000.0,"prediction":164216.08341863766}
{"features":{"type":1,"values":[2.0,3387.0,4.0,4.0]},"Price":820000.0,"prediction":970636.9564518814}
{"features":{"type":1,"values":[1.0,1250.0,2.0,1.0]},"Price":399000.0,"prediction":237858.7894492091}
{"features":{"type":1,"values":[3.0,1772.0,3.0,3.0]},"Price":399000.0,"prediction":483062.19480099}
{"features":{"type":1,"values":[1.0,1889.0,3.0,3.0]},"Price":330000.0,"prediction":350751.0173043579}
{"features":{"type":1,"values":[2.0,1900.0,4.0,3.0]},"Price":454500.0,"prediction":390374.02864053607}
{"features":{"type":1,"values":[0.0,1300.0,3.0,2.0]},"Price":185000.0,"prediction":204033.10341991912}
{"features":{"type":1,"values":[1.0,1998.0,3.0,2.0]},"Price":389000.0,"prediction":364055.60677039035}
{"features":{"type":1,"values":[17.0,1797.0,4.0,2.0]},"Price":305000.0,"prediction":506843.3908102609}
{"features":{"type":1,"values":[1.0,1550.0,3.0,2.0]},"Price":225000.0,"prediction":288192.5565520347}
{"features":{"type":1,"values":[0.0,1650.0,4.0,2.0]},"Price":233000.0,"prediction":265201.7931727433}
{"features":{"type":1,"values":[0.0,1113.0,2.0,2.0]},"Price":209900.0,"prediction":179049.8366018596}
{"features":{"type":1,"values":[6.0,3249.0,3.0,3.0]},"Price":650000.0,"prediction":1093560.6358225108}
{"features":{"type":1,"values":[11.0,1510.0,3.0,3.0]},"Price":529000.0,"prediction":540044.2029995837}
{"features":{"type":1,"values":[2.0,2135.0,4.0,4.0]},"Price":409900.0,"prediction":532942.5708035284}
{"features":{"type":1,"values":[7.0,1827.0,3.0,2.0]},"Price":469000.0,"prediction":368939.09842047916}
{"features":{"type":1,"values":[3.0,1005.0,3.0,1.0]},"Price":289000.0,"prediction":311634.64661976305}
{"features":{"type":1,"values":[12.0,1062.0,3.0,2.0]},"Price":185000.0,"prediction":218817.46490994623}
{"features":{"type":1,"values":[1.0,2161.0,4.0,2.0]},"Price":369900.0,"prediction":367279.52445057954}
{"features":{"type":1,"values":[1.0,1000.0,2.0,1.0]},"Price":199000.0,"prediction":228382.28746282816}
{"features":{"type":1,"values":[3.0,2600.0,3.0,3.0]},"Price":520000.0,"prediction":921047.6157883564}
{"features":{"type":1,"values":[0.0,1144.0,3.0,2.0]},"Price":225000.0,"prediction":201951.19789471145}
{"features":{"type":1,"values":[0.0,2300.0,4.0,3.0]},"Price":399000.0,"prediction":326793.6415415012}
{"features":{"type":1,"values":[6.0,720.0,2.0,1.0]},"Price":249900.0,"prediction":201911.82682896362}
{"features":{"type":1,"values":[4.0,2600.0,4.0,3.0]},"Price":550000.0,"prediction":610799.8423727565}
{"features":{"type":1,"values":[4.0,1248.0,2.0,2.0]},"Price":139500.0,"prediction":234012.70055340874}
{"features":{"type":1,"values":[12.0,1350.0,3.0,2.0]},"Price":180000.0,"prediction":235924.42419022898}
{"features":{"type":1,"values":[0.0,1377.0,4.0,2.0]},"Price":210000.0,"prediction":224452.33295081128}
{"features":{"type":1,"values":[0.0,1400.0,4.0,2.0]},"Price":199000.0,"prediction":230465.81590145634}
{"features":{"type":1,"values":[2.0,1030.0,3.0,1.0]},"Price":264450.0,"prediction":228904.01691439172}
{"features":{"type":1,"values":[17.0,1999.0,3.0,2.0]},"Price":459000.0,"prediction":571143.4538811885}
{"features":{"type":1,"values":[9.0,2200.0,3.0,3.0]},"Price":875000.0,"prediction":866489.6332075733}
{"features":{"type":1,"values":[0.0,1400.0,3.0,2.0]},"Price":229900.0,"prediction":232016.8892621121}
{"features":{"type":1,"values":[1.0,1139.0,3.0,2.0]},"Price":269900.0,"prediction":259148.70121214594}
{"features":{"type":1,"values":[0.0,2248.0,4.0,3.0]},"Price":309900.0,"prediction":323248.08598594565}
{"features":{"type":1,"values":[3.0,972.0,2.0,1.0]},"Price":265000.0,"prediction":262343.13818121084}
{"features":{"type":1,"values":[0.0,1088.0,2.0,2.0]},"Price":105000.0,"prediction":173087.14433569767}
{"features":{"type":1,"values":[25.0,5307.0,4.0,5.0]},"Price":1999000.0,"prediction":3571605.0}
{"features":{"type":1,"values":[0.0,1856.0,4.0,2.0]},"Price":294900.0,"prediction":286720.43188951537}
{"features":{"type":1,"values":[6.0,780.0,2.0,1.0]},"Price":310000.0,"prediction":201911.82682896362}
{"features":{"type":1,"values":[0.0,1768.0,4.0,3.0]},"Price":299000.0,"prediction":269476.772144617}
{"features":{"type":1,"values":[0.0,1776.0,3.0,2.0]},"Price":295900.0,"prediction":264147.6694831654}
{"features":{"type":1,"values":[0.0,1900.0,3.0,3.0]},"Price":270000.0,"prediction":309551.2286795638}
{"features":{"type":1,"values":[6.0,5103.0,6.0,7.0]},"Price":1249000.0,"prediction":2172092.0000000005}
{"features":{"type":1,"values":[10.0,1190.0,2.0,2.0]},"Price":239800.0,"prediction":409677.8910512935}
{"features":{"type":1,"values":[1.0,2446.0,3.0,2.0]},"Price":402500.0,"prediction":484649.0514002281}
{"features":{"type":1,"values":[2.0,1514.0,3.0,2.0]},"Price":369000.0,"prediction":315878.85626545374}
{"features":{"type":1,"values":[4.0,3698.0,3.0,4.0]},"Price":879000.0,"prediction":1139284.0865800865}
{"features":{"type":1,"values":[0.0,1200.0,3.0,2.0]},"Price":220000.0,"prediction":204033.10341991912}
{"features":{"type":1,"values":[1.0,2271.0,3.0,3.0]},"Price":580000.0,"prediction":413246.875937614}
{"features":{"type":1,"values":[32.0,2018.0,4.0,2.0]},"Price":184800.0,"prediction":738044.508837622}
{"features":{"type":1,"values":[0.0,1934.0,4.0,2.0]},"Price":185000.0,"prediction":286720.43188951537}
{"features":{"type":1,"values":[2.0,1041.0,2.0,2.0]},"Price":145000.0,"prediction":212551.6178769862}
{"features":{"type":1,"values":[0.0,1859.0,3.0,3.0]},"Price":245000.0,"prediction":309551.2286795638}
{"features":{"type":1,"values":[2.0,1261.0,3.0,3.0]},"Price":235000.0,"prediction":287329.1574000198}
{"features":{"type":1,"values":[0.0,1840.0,3.0,2.0]},"Price":399000.0,"prediction":305989.39936592034}
{"features":{"type":1,"values":[0.0,1622.0,3.0,2.0]},"Price":350000.0,"prediction":266752.866533399}
{"features":{"type":1,"values":[12.0,1184.0,3.0,2.0]},"Price":199500.0,"prediction":218164.80498374603}
{"features":{"type":1,"values":[0.0,1000.0,3.0,2.0]},"Price":110000.0,"prediction":194231.0952747963}
{"features":{"type":1,"values":[15.0,1281.0,3.0,3.0]},"Price":269000.0,"prediction":357600.95381108846}
{"features":{"type":1,"values":[11.0,1236.0,3.0,2.0]},"Price":435000.0,"prediction":484683.7397009015}
{"features":{"type":1,"values":[1.0,2064.0,4.0,2.0]},"Price":409000.0,"prediction":365465.0506560303}
{"features":{"type":1,"values":[0.0,1092.0,3.0,2.0]},"Price":164900.0,"prediction":195988.50562854952}
{"features":{"type":1,"values":[0.0,1275.0,3.0,2.0]},"Price":199900.0,"prediction":204033.10341991912}
{"features":{"type":1,"values":[14.0,885.0,2.0,2.0]},"Price":170000.0,"prediction":359100.0881263552}
{"features":{"type":1,"values":[0.0,1712.0,3.0,2.0]},"Price":204000.0,"prediction":266752.866533399}
{"features":{"type":1,"values":[0.0,1807.0,3.0,2.0]},"Price":250000.0,"prediction":264147.6694831654}
{"features":{"type":1,"values":[1.0,2502.0,4.0,3.0]},"Price":529000.0,"prediction":449087.5166517023}
{"features":{"type":1,"values":[0.0,1526.0,3.0,2.0]},"Price":159900.0,"prediction":242284.8258596111}
{"features":{"type":1,"values":[2.0,756.0,2.0,1.0]},"Price":90000.0,"prediction":212545.4619682249}
{"features":{"type":1,"values":[0.0,1008.0,3.0,2.0]},"Price":179900.0,"prediction":194231.0952747963}
{"features":{"type":1,"values":[1.0,2236.0,4.0,2.0]},"Price":390000.0,"prediction":367279.52445057954}
{"features":{"type":1,"values":[15.0,1868.0,4.0,3.0]},"Price":395000.0,"prediction":387532.8744512892}
{"features":{"type":1,"values":[15.0,1475.0,3.0,3.0]},"Price":375000.0,"prediction":378223.42175383505}
{"features":{"type":1,"values":[15.0,1868.0,4.0,3.0]},"Price":395000.0,"prediction":387532.8744512892}
{"features":{"type":1,"values":[1.0,1657.0,3.0,2.0]},"Price":304900.0,"prediction":295084.52917137067}
{"features":{"type":1,"values":[0.0,1700.0,3.0,2.0]},"Price":286500.0,"prediction":266752.866533399}
{"features":{"type":1,"values":[7.0,1278.0,3.0,2.0]},"Price":375000.0,"prediction":288185.2622296809}
{"features":{"type":1,"values":[0.0,980.0,2.0,2.0]},"Price":187900.0,"prediction":171329.73398194445}
{"features":{"type":1,"values":[2.0,2000.0,3.0,3.0]},"Price":349000.0,"prediction":468919.0260167501}
{"features":{"type":1,"values":[2.0,2000.0,3.0,2.0]},"Price":449970.0,"prediction":439064.4579444093}
{"features":{"type":1,"values":[7.0,1902.0,3.0,2.0]},"Price":419000.0,"prediction":403131.82562826143}
{"features":{"type":1,"values":[3.0,1568.0,3.0,3.0]},"Price":400000.0,"prediction":471026.63050197007}
{"features":{"type":1,"values":[0.0,1257.0,3.0,2.0]},"Price":185000.0,"prediction":204033.10341991912}
{"features":{"type":1,"values":[0.0,2150.0,4.0,3.0]},"Price":364000.0,"prediction":323248.08598594565}
{"features":{"type":1,"values":[0.0,1500.0,3.0,2.0]},"Price":177000.0,"prediction":242284.8258596111}
{"features":{"type":1,"values":[0.0,1860.0,4.0,2.0]},"Price":399900.0,"prediction":286720.43188951537}
{"features":{"type":1,"values":[8.0,1698.0,2.0,2.0]},"Price":480000.0,"prediction":556924.3101754889}
{"features":{"type":1,"values":[0.0,3000.0,5.0,4.0]},"Price":699900.0,"prediction":394510.7254305978}
{"features":{"type":1,"values":[8.0,1840.0,3.0,2.0]},"Price":359900.0,"prediction":551125.7199192296}
{"features":{"type":1,"values":[0.0,1520.0,3.0,3.0]},"Price":179900.0,"prediction":252699.16671343823}
{"features":{"type":1,"values":[1.0,1467.0,3.0,2.0]},"Price":349000.0,"prediction":276790.89426103904}
{"features":{"type":1,"values":[0.0,2150.0,4.0,3.0]},"Price":299900.0,"prediction":323248.08598594565}
{"features":{"type":1,"values":[13.0,1576.0,3.0,2.0]},"Price":419900.0,"prediction":407499.0718403872}
{"features":{"type":1,"values":[6.0,1536.0,2.0,2.0]},"Price":189000.0,"prediction":284152.68972116656}
{"features":{"type":1,"values":[5.0,1082.0,3.0,2.0]},"Price":163900.0,"prediction":199365.3547729111}
{"features":{"type":1,"values":[0.0,1430.0,4.0,2.0]},"Price":200000.0,"prediction":229053.69250078299}
{"features":{"type":1,"values":[6.0,2187.0,3.0,2.0]},"Price":625000.0,"prediction":547617.1765917193}
{"features":{"type":1,"values":[20.0,1511.0,4.0,2.0]},"Price":186900.0,"prediction":265117.4082107701}
{"features":{"type":1,"values":[0.0,1972.0,3.0,2.0]},"Price":179900.0,"prediction":329171.48742638197}
{"features":{"type":1,"values":[2.0,120.0,2.0,2.0]},"Price":67500.0,"prediction":214292.40734058773}
{"features":{"type":1,"values":[4.0,1336.0,4.0,2.0]},"Price":259000.0,"prediction":243201.69420949774}
{"features":{"type":1,"values":[1.0,940.0,3.0,1.0]},"Price":199000.0,"prediction":245263.74624944775}
{"features":{"type":1,"values":[3.0,1575.0,5.0,2.0]},"Price":239800.0,"prediction":430437.3523489864}
{"features":{"type":1,"values":[2.0,2628.0,6.0,3.0]},"Price":425000.0,"prediction":505097.2192197361}
{"features":{"type":1,"values":[0.0,1145.0,2.0,1.0]},"Price":355000.0,"prediction":168624.46090243664}
{"features":{"type":1,"values":[0.0,1850.0,3.0,3.0]},"Price":299000.0,"prediction":309551.2286795638}
{"features":{"type":1,"values":[0.0,2300.0,4.0,3.0]},"Price":265000.0,"prediction":326793.6415415012}
{"features":{"type":1,"values":[8.0,1860.0,3.0,3.0]},"Price":865000.0,"prediction":647379.549267561}
{"features":{"type":1,"values":[17.0,1850.0,3.0,2.0]},"Price":625000.0,"prediction":534638.9901851623}
{"features":{"type":1,"values":[9.0,1440.0,2.0,2.0]},"Price":339000.0,"prediction":515444.21631069353}
{"features":{"type":1,"values":[1.0,1772.0,2.0,3.0]},"Price":399000.0,"prediction":301557.3758528825}
{"features":{"type":1,"values":[3.0,1975.0,3.0,2.0]},"Price":589000.0,"prediction":534936.0898561552}
