{"features":{"type":1,"values":[4.0,2371.0,3.0,3.0]},"Price":795000.0,"prediction":788267.9242660082}
{"features":{"type":1,"values":[10.0,3540.0,4.0,4.0]},"Price":909000.0,"prediction":1665039.1130793227}
{"features":{"type":1,"values":[14.0,1800.0,3.0,3.0]},"Price":324900.0,"prediction":569536.2303673932}
{"features":{"type":1,"values":[0.0,1400.0,3.0,2.0]},"Price":235900.0,"prediction":222250.05241425554}
{"features":{"type":1,"values":[30.0,1850.0,4.0,2.0]},"Price":399000.0,"prediction":551282.0328740276}
{"features":{"type":1,"values":[10.0,4168.0,4.0,3.0]},"Price":1100000.0,"prediction":1798259.8943744164}
{"features":{"type":1,"values":[0.0,1100.0,2.0,2.0]},"Price":140000.0,"prediction":183922.55445557807}
{"features":{"type":1,"values":[0.0,2351.0,4.0,3.0]},"Price":360000.0,"prediction":328529.7411312903}
{"features":{"type":1,"values":[3.0,2365.0,3.0,3.0]},"Price":525000.0,"prediction":538613.7503928127}
{"features":{"type":1,"values":[6.0,2990.0,3.0,3.0]},"Price":779000.0,"prediction":840960.7963877745}
{"features":{"type":1,"values":[6.0,1200.0,3.0,2.0]},"Price":275000.0,"prediction":253962.3473075643}
{"features":{"type":1,"values":[8.0,768.0,2.0,1.0]},"Price":325000.0,"prediction":254181.91661748607}
{"features":{"type":1,"values":[3.0,1929.0,4.0,2.0]},"Price":320000.0,"prediction":403197.3799880164}
{"features":{"type":1,"values":[0.0,1080.0,3.0,2.0]},"Price":140000.0,"prediction":191941.2981638987}
{"features":{"type":1,"values":[0.0,1296.0,3.0,2.0]},"Price":167900.0,"prediction":213266.3429532977}
{"features":{"type":1,"values":[4.0,1486.0,3.0,2.0]},"Price":495000.0,"prediction":387940.34093095}
{"features":{"type":1,"values":[6.0,1519.0,3.0,3.0]},"Price":375000.0,"prediction":403304.4604794393}
{"features":{"type":1,"values":[0.0,2013.0,3.0,3.0]},"Price":249999.0,"prediction":341097.39994745015}
{"features":{"type":1,"values":[0.0,2800.0,4.0,3.0]},"Price":399000.0,"prediction":435495.0022014439}
{"features":{"type":1,"values":[1.0,1316.0,3.0,2.0]},"Price":294900.0,"prediction":244252.7158764957}
{"features":{"type":1,"values":[9.0,1872.0,4.0,4.0]},"Price":332000.0,"prediction":1074642.6214261197}
{"features":{"type":1,"values":[22.0,3400.0,4.0,5.0]},"Price":499000.0,"prediction":2581844.7321428573}
{"features":{"type":1,"values":[1.0,3113.0,4.0,3.0]},"Price":432000.0,"prediction":491979.43393687287}
{"features":{"type":1,"values":[4.0,827.0,2.0,1.0]},"Price":199000.0,"prediction":277131.5754668409}
{"features":{"type":1,"values":[0.0,1857.0,4.0,3.0]},"Price":259000.0,"prediction":293700.52275892085}
{"features":{"type":1,"values":[19.0,797.0,2.0,2.0]},"Price":94000.0,"prediction":172153.88445369038}
{"features":{"type":1,"values":[1.0,1068.0,2.0,1.0]},"Price":299000.0,"prediction":219513.95653973636}
{"features":{"type":1,"values":[0.0,1300.0,3.0,3.0]},"Price":259900.0,"prediction":230014.23393949098}
{"features":{"type":1,"values":[0.0,1541.0,2.0,2.0]},"Price":220000.0,"prediction":217165.56724388074}
{"features":{"type":1,"values":[0.0,2400.0,5.0,4.0]},"Price":324000.0,"prediction":565110.8510479692}
{"features":{"type":1,"values":[6.0,1388.0,2.0,2.0]},"Price":205000.0,"prediction":231508.8623251346}
{"features":{"type":1,"values":[2.0,1022.0,3.0,2.0]},"Price":239000.0,"prediction":237583.66942329067}
{"features":{"type":1,"values":[17.0,1500.0,3.0,3.0]},"Price":325000.0,"prediction":373434.1231320402}
{"features":{"type":1,"values":[2.0,3827.0,4.0,3.0]},"Price":829900.0,"prediction":840796.1353819075}
{"features":{"type":1,"values":[1.0,1381.0,3.0,2.0]},"Price":279000.0,"prediction":249345.96747189574}
{"features":{"type":1,"values":[0.0,1860.0,4.0,2.0]},"Price":235000.0,"prediction":288950.2915098884}
{"features":{"type":1,"values":[1.0,1640.0,3.0,2.0]},"Price":355000.0,"prediction":289110.95207409956}
{"features":{"type":1,"values":[0.0,3050.0,4.0,4.0]},"Price":399900.0,"prediction":532267.5083279699}
{"features":{"type":1,"values":[0.0,1082.0,2.0,2.0]},"Price":180000.0,"prediction":176090.6826823167}
{"features":{"type":1,"values":[1.0,1176.0,3.0,2.0]},"Price":249000.0,"prediction":244252.7158764957}
{"features":{"type":1,"values":[1.0,1998.0,3.0,2.0]},"Price":389000.0,"prediction":378953.96393553755}
{"features":{"type":1,"values":[13.0,1797.0,4.0,2.0]},"Price":305000.0,"prediction":497764.93161117117}
{"features":{"type":1,"values":[0.0,1200.0,2.0,3.0]},"Price":160000.0,"prediction":212298.693306654}
{"features":{"type":1,"values":[14.0,1265.0,3.0,3.0]},"Price":300000.0,"prediction":330422.2481942512}
{"features":{"type":1,"values":[1.0,1550.0,3.0,2.0]},"Price":225000.0,"prediction":259127.9779313397}
{"features":{"type":1,"values":[2.0,1426.0,2.0,2.0]},"Price":324900.0,"prediction":263817.5660042721}
{"features":{"type":1,"values":[0.0,1110.0,3.0,2.0]},"Price":165000.0,"prediction":199773.1699371601}
{"features":{"type":1,"values":[3.0,1756.0,3.0,2.0]},"Price":299000.0,"prediction":371049.9816856029}
{"features":{"type":1,"values":[17.0,1600.0,3.0,2.0]},"Price":499000.0,"prediction":382375.2358482514}
{"features":{"type":1,"values":[10.0,1510.0,3.0,3.0]},"Price":529000.0,"prediction":499281.6902461458}
{"features":{"type":1,"values":[4.0,1005.0,3.0,1.0]},"Price":289000.0,"prediction":336191.98840242653}
{"features":{"type":1,"values":[0.0,1800.0,2.0,3.0]},"Price":99999.0,"prediction":312809.98987206974}
{"features":{"type":1,"values":[12.0,1062.0,3.0,2.0]},"Price":185000.0,"prediction":221217.53729587124}
{"features":{"type":1,"values":[4.0,2600.0,3.0,3.0]},"Price":520000.0,"prediction":914030.8739465211}
{"features":{"type":1,"values":[4.0,1368.0,3.0,2.0]},"Price":374900.0,"prediction":375529.48749094864}
{"features":{"type":1,"values":[1.0,1395.0,3.0,2.0]},"Price":350000.0,"prediction":249345.96747189574}
{"features":{"type":1,"values":[6.0,1042.0,2.0,2.0]},"Price":214000.0,"prediction":207215.2504933092}
{"features":{"type":1,"values":[3.0,1248.0,2.0,2.0]},"Price":139500.0,"prediction":234599.27702985337}
{"features":{"type":1,"values":[5.0,3000.0,4.0,3.0]},"Price":360000.0,"prediction":474112.7735947246}
{"features":{"type":1,"values":[1.0,1300.0,3.0,2.0]},"Price":315000.0,"prediction":244252.7158764957}
{"features":{"type":1,"values":[1.0,1244.0,3.0,2.0]},"Price":279900.0,"prediction":244252.7158764957}
{"features":{"type":1,"values":[12.0,1350.0,3.0,2.0]},"Price":180000.0,"prediction":241226.32275269943}
{"features":{"type":1,"values":[30.0,3200.0,5.0,3.0]},"Price":445000.0,"prediction":1441344.9597193345}
{"features":{"type":1,"values":[0.0,2004.0,3.0,2.0]},"Price":315000.0,"prediction":333249.130540523}
{"features":{"type":1,"values":[0.0,1200.0,3.0,1.0]},"Price":191100.0,"prediction":205636.29137341885}
{"features":{"type":1,"values":[9.0,1818.0,5.0,3.0]},"Price":699900.0,"prediction":595428.1776322394}
{"features":{"type":1,"values":[0.0,2209.0,4.0,3.0]},"Price":359000.0,"prediction":323430.03201798984}
{"features":{"type":1,"values":[0.0,1857.0,4.0,3.0]},"Price":229900.0,"prediction":293700.52275892085}
{"features":{"type":1,"values":[1.0,1139.0,3.0,2.0]},"Price":269900.0,"prediction":241253.16678903013}
{"features":{"type":1,"values":[0.0,1300.0,3.0,2.0]},"Price":165000.0,"prediction":213266.3429532977}
{"features":{"type":1,"values":[0.0,2000.0,3.0,2.0]},"Price":380900.0,"prediction":298211.47653942055}
{"features":{"type":1,"values":[11.0,3474.0,3.0,3.0]},"Price":890000.0,"prediction":1232985.3950142527}
{"features":{"type":1,"values":[0.0,1700.0,2.0,3.0]},"Price":265000.0,"prediction":298998.70929653017}
{"features":{"type":1,"values":[0.0,1530.0,3.0,3.0]},"Price":189000.0,"prediction":246394.10335195632}
{"features":{"type":1,"values":[0.0,1088.0,2.0,2.0]},"Price":105000.0,"prediction":183922.55445557807}
{"features":{"type":1,"values":[1.0,1296.0,3.0,3.0]},"Price":335900.0,"prediction":269544.34103545325}
{"features":{"type":1,"values":[0.0,1080.0,3.0,2.0]},"Price":143000.0,"prediction":191941.2981638987}
{"features":{"type":1,"values":[11.0,1365.0,3.0,3.0]},"Price":374800.0,"prediction":415807.5162979538}
{"features":{"type":1,"values":[0.0,2367.0,4.0,3.0]},"Price":427900.0,"prediction":328529.7411312903}
{"features":{"type":1,"values":[6.0,780.0,2.0,1.0]},"Price":310000.0,"prediction":195344.88438097207}
{"features":{"type":1,"values":[8.0,1462.0,3.0,2.0]},"Price":479000.0,"prediction":306498.1867567087}
{"features":{"type":1,"values":[1.0,1440.0,2.0,2.0]},"Price":150000.0,"prediction":247330.13866098388}
{"features":{"type":1,"values":[0.0,2100.0,4.0,3.0]},"Price":285000.0,"prediction":319399.9965928886}
{"features":{"type":1,"values":[0.0,1200.0,3.0,2.0]},"Price":179900.0,"prediction":213266.3429532977}
{"features":{"type":1,"values":[4.0,3588.0,5.0,4.0]},"Price":850000.0,"prediction":1761309.0416666667}
{"features":{"type":1,"values":[0.0,1776.0,3.0,2.0]},"Price":295900.0,"prediction":280841.1415297324}
{"features":{"type":1,"values":[0.0,1288.0,3.0,2.0]},"Price":179900.0,"prediction":213266.3429532977}
{"features":{"type":1,"values":[1.0,2006.0,4.0,3.0]},"Price":319200.0,"prediction":427492.8831671889}
{"features":{"type":1,"values":[2.0,2600.0,3.0,3.0]},"Price":669000.0,"prediction":584017.701176273}
{"features":{"type":1,"values":[1.0,1080.0,3.0,2.0]},"Price":239900.0,"prediction":225189.94818673158}
{"features":{"type":1,"values":[4.0,3375.0,3.0,4.0]},"Price":849900.0,"prediction":1494924.7410714286}
{"features":{"type":1,"values":[0.0,1600.0,4.0,3.0]},"Price":309900.0,"prediction":256196.63348582952}
{"features":{"type":1,"values":[8.0,1200.0,3.0,2.0]},"Price":310000.0,"prediction":287251.02062306914}
{"features":{"type":1,"values":[15.0,1363.0,3.0,2.0]},"Price":377000.0,"prediction":336779.293800247}
{"features":{"type":1,"values":[0.0,920.0,2.0,1.0]},"Price":169990.0,"prediction":168460.63110243788}
{"features":{"type":1,"values":[0.0,1062.0,3.0,2.0]},"Price":249000.0,"prediction":191941.2981638987}
{"features":{"type":1,"values":[1.0,2700.0,5.0,3.0]},"Price":429000.0,"prediction":482914.145026437}
{"features":{"type":1,"values":[0.0,2400.0,4.0,3.0]},"Price":289900.0,"prediction":354400.9623617903}
{"features":{"type":1,"values":[6.0,1120.0,3.0,2.0]},"Price":259900.0,"prediction":250962.79822009872}
{"features":{"type":1,"values":[17.0,1204.0,3.0,2.0]},"Price":399000.0,"prediction":355185.01267660497}
{"features":{"type":1,"values":[0.0,1000.0,3.0,2.0]},"Price":110000.0,"prediction":191941.2981638987}
{"features":{"type":1,"values":[2.0,2135.0,3.0,3.0]},"Price":449900.0,"prediction":517219.78819477244}
{"features":{"type":1,"values":[1.0,1870.0,4.0,2.0]},"Price":429000.0,"prediction":359890.65503141715}
{"features":{"type":1,"values":[15.0,1281.0,3.0,3.0]},"Price":269000.0,"prediction":324988.6954985238}
{"features":{"type":1,"values":[0.0,1174.0,4.0,2.0]},"Price":256000.0,"prediction":213266.3429532977}
{"features":{"type":1,"values":[1.0,1888.0,4.0,3.0]},"Price":399000.0,"prediction":359099.62002551067}
{"features":{"type":1,"values":[3.0,2703.0,3.0,3.0]},"Price":650000.0,"prediction":632473.103091957}
{"features":{"type":1,"values":[1.0,1960.0,3.0,2.0]},"Price":409000.0,"prediction":378953.96393553755}
{"features":{"type":1,"values":[2.0,756.0,2.0,1.0]},"Price":95000.0,"prediction":207342.46347937148}
{"features":{"type":1,"values":[0.0,1712.0,3.0,2.0]},"Price":204000.0,"prediction":277671.3609541928}
{"features":{"type":1,"values":[15.0,1500.0,4.0,3.0]},"Price":498900.0,"prediction":348539.04310246784}
{"features":{"type":1,"values":[0.0,1671.0,3.0,2.0]},"Price":229900.0,"prediction":250772.027397836}
{"features":{"type":1,"values":[5.0,1338.0,4.0,2.0]},"Price":199900.0,"prediction":213266.3429532977}
{"features":{"type":1,"values":[0.0,2100.0,4.0,3.0]},"Price":266800.0,"prediction":319399.9965928886}
{"features":{"type":1,"values":[2.0,5200.0,5.0,4.0]},"Price":949000.0,"prediction":936243.5833333334}
{"features":{"type":1,"values":[0.0,1733.0,3.0,2.0]},"Price":249900.0,"prediction":280841.1415297324}
{"features":{"type":1,"values":[15.0,1868.0,4.0,3.0]},"Price":395000.0,"prediction":397639.6624107958}
{"features":{"type":1,"values":[0.0,1700.0,3.0,2.0]},"Price":286500.0,"prediction":277671.3609541928}
{"features":{"type":1,"values":[12.0,2400.0,4.0,2.0]},"Price":325000.0,"prediction":531534.4350611934}
{"features":{"type":1,"values":[0.0,900.0,2.0,2.0]},"Price":95000.0,"prediction":176090.6826823167}
{"features":{"type":1,"values":[0.0,1656.0,4.0,2.0]},"Price":239900.0,"prediction":250772.027397836}
{"features":{"type":1,"values":[4.0,1916.0,3.0,2.0]},"Price":450000.0,"prediction":509699.7294145505}
{"features":{"type":1,"values":[11.0,1756.0,3.0,3.0]},"Price":440000.0,"prediction":508354.6707343141}
{"features":{"type":1,"values":[33.0,1201.0,3.0,1.0]},"Price":40900.0,"prediction":554331.4898376423}
{"features":{"type":1,"values":[0.0,1257.0,3.0,2.0]},"Price":185000.0,"prediction":213266.3429532977}
{"features":{"type":1,"values":[8.0,1522.0,3.0,1.0]},"Price":349900.0,"prediction":324741.6350407036}
{"features":{"type":1,"values":[0.0,1200.0,3.0,2.0]},"Price":135000.0,"prediction":213266.3429532977}
{"features":{"type":1,"values":[1.0,2082.0,3.0,2.0]},"Price":599000.0,"prediction":426034.3156555877}
{"features":{"type":1,"values":[25.0,3800.0,5.0,4.0]},"Price":1195000.0,"prediction":2179010.1315789474}
{"features":{"type":1,"values":[0.0,1200.0,2.0,2.0]},"Price":129000.0,"prediction":197415.72747171565}
{"features":{"type":1,"values":[7.0,2080.0,3.0,2.0]},"Price":639900.0,"prediction":638928.6909499512}
{"features":{"type":1,"values":[0.0,3000.0,5.0,4.0]},"Price":699900.0,"prediction":622157.7749730896}
{"features":{"type":1,"values":[8.0,3621.0,3.0,3.0]},"Price":999000.0,"prediction":1179031.9289232865}
{"features":{"type":1,"values":[9.0,1840.0,3.0,2.0]},"Price":359900.0,"prediction":505076.8681259739}
{"features":{"type":1,"values":[8.0,1240.0,3.0,2.0]},"Price":329900.0,"prediction":287251.02062306914}
{"features":{"type":1,"values":[13.0,1936.0,3.0,2.0]},"Price":509000.0,"prediction":576759.9684615635}
{"features":{"type":1,"values":[0.0,1056.0,2.0,2.0]},"Price":36000.0,"prediction":176090.6826823167}
{"features":{"type":1,"values":[1.0,1467.0,3.0,2.0]},"Price":349000.0,"prediction":255258.9420750703}
{"features":{"type":1,"values":[14.0,1044.0,2.0,2.0]},"Price":1195000.0,"prediction":204053.86893821796}
{"features":{"type":1,"values":[0.0,1430.0,4.0,2.0]},"Price":200000.0,"prediction":222250.05241425554}
{"features":{"type":1,"values":[9.0,1953.0,3.0,3.0]},"Price":729000.0,"prediction":675852.5617861788}
{"features":{"type":1,"values":[6.0,1440.0,3.0,2.0]},"Price":149000.0,"prediction":264968.573506139}
{"features":{"type":1,"values":[6.0,2187.0,3.0,2.0]},"Price":625000.0,"prediction":582827.5859854715}
{"features":{"type":1,"values":[7.0,2817.0,3.0,3.0]},"Price":920000.0,"prediction":985631.321267137}
{"features":{"type":1,"values":[2.0,2100.0,3.0,3.0]},"Price":449000.0,"prediction":517219.78819477244}
{"features":{"type":1,"values":[10.0,2306.0,3.0,2.0]},"Price":982800.0,"prediction":742300.6429814954}
{"features":{"type":1,"values":[9.0,919.0,2.0,2.0]},"Price":650000.0,"prediction":410259.9973484933}
{"features":{"type":1,"values":[12.0,1356.0,3.0,2.0]},"Price":209900.0,"prediction":241226.32275269943}
{"features":{"type":1,"values":[1.0,940.0,3.0,1.0]},"Price":199000.0,"prediction":223353.8236359648}
{"features":{"type":1,"values":[1.0,1344.0,3.0,2.0]},"Price":270000.0,"prediction":244252.7158764957}
{"features":{"type":1,"values":[26.0,1437.0,2.0,2.0]},"Price":695000.0,"prediction":475569.95025300485}
{"features":{"type":1,"values":[2.0,1041.0,3.0,2.0]},"Price":229900.0,"prediction":237583.66942329067}
{"features":{"type":1,"values":[25.0,1526.0,3.0,2.0]},"Price":199900.0,"prediction":230366.04417540142}
{"features":{"type":1,"values":[0.0,1378.0,4.0,2.0]},"Price":197600.0,"prediction":218359.59454869773}
{"features":{"type":1,"values":[11.0,1382.0,3.0,2.0]},"Price":475000.0,"prediction":394053.6120449025}
{"features":{"type":1,"values":[1.0,1351.0,2.0,2.0]},"Price":214900.0,"prediction":241417.1640578093}
{"features":{"type":1,"values":[17.0,1536.0,2.0,2.0]},"Price":125000.0,"prediction":350533.4926453665}
{"features":{"type":1,"values":[0.0,2800.0,4.0,3.0]},"Price":349900.0,"prediction":435495.0022014439}
{"features":{"type":1,"values":[17.0,1720.0,3.0,2.0]},"Price":525000.0,"prediction":398588.154082379}
{"features":{"type":1,"values":[1.0,1877.0,3.0,2.0]},"Price":495000.0,"prediction":358779.5906374777}
