{"features":{"type":1,"values":[1.0,2818.0,4.0,3.0]},"Price":399000.0,"prediction":482109.51629616425}
{"features":{"type":1,"values":[1.0,3032.0,4.0,3.0]},"Price":545000.0,"prediction":482109.51629616425}
{"features":{"type":1,"values":[16.0,1800.0,3.0,3.0]},"Price":324900.0,"prediction":541591.4076648958}
{"features":{"type":1,"values":[0.0,1750.0,3.0,2.0]},"Price":350000.0,"prediction":249226.18009645562}
{"features":{"type":1,"values":[0.0,1600.0,3.0,2.0]},"Price":348000.0,"prediction":233266.08334581353}
{"features":{"type":1,"values":[25.0,1850.0,4.0,2.0]},"Price":399000.0,"prediction":511057.43798851426}
{"features":{"type":1,"values":[14.0,2950.0,3.0,3.0]},"Price":599000.0,"prediction":790159.5031129513}
{"features":{"type":1,"values":[30.0,3880.0,3.0,3.0]},"Price":1500000.0,"prediction":1630218.27991453}
{"features":{"type":1,"values":[0.0,1080.0,3.0,1.0]},"Price":134900.0,"prediction":175596.24158042116}
{"features":{"type":1,"values":[0.0,2400.0,3.0,2.0]},"Price":285000.0,"prediction":486289.0238822602}
{"features":{"type":1,"values":[2.0,1415.0,3.0,2.0]},"Price":389000.0,"prediction":298112.9576971925}
{"features":{"type":1,"values":[0.0,2628.0,3.0,3.0]},"Price":559000.0,"prediction":532467.6257905923}
{"features":{"type":1,"values":[8.0,2100.0,3.0,2.0]},"Price":500000.0,"prediction":494293.46134268504}
{"features":{"type":1,"values":[0.0,1900.0,3.0,3.0]},"Price":330000.0,"prediction":319953.91125373304}
{"features":{"type":1,"values":[0.0,1218.0,3.0,2.0]},"Price":255000.0,"prediction":211440.468207933}
{"features":{"type":1,"values":[10.0,2100.0,3.0,3.0]},"Price":789000.0,"prediction":598698.5557111934}
{"features":{"type":1,"values":[4.0,2168.0,4.0,2.0]},"Price":430000.0,"prediction":487379.1156539902}
{"features":{"type":1,"values":[10.0,2430.0,3.0,3.0]},"Price":899000.0,"prediction":875450.6794642301}
{"features":{"type":1,"values":[10.0,2100.0,3.0,3.0]},"Price":1045000.0,"prediction":598698.5557111934}
{"features":{"type":1,"values":[0.0,1800.0,3.0,3.0]},"Price":239000.0,"prediction":280023.3110505573}
{"features":{"type":1,"values":[0.0,1218.0,3.0,2.0]},"Price":195000.0,"prediction":211440.468207933}
{"features":{"type":1,"values":[4.0,2688.0,7.0,5.0]},"Price":325000.0,"prediction":991947.311320977}
{"features":{"type":1,"values":[0.0,900.0,1.0,1.0]},"Price":119000.0,"prediction":157916.40742403414}
{"features":{"type":1,"values":[3.0,1486.0,3.0,2.0]},"Price":495000.0,"prediction":423062.19942582864}
{"features":{"type":1,"values":[11.0,2117.0,3.0,2.0]},"Price":595000.0,"prediction":625015.0351681561}
{"features":{"type":1,"values":[0.0,1472.0,3.0,2.0]},"Price":189900.0,"prediction":230062.43714058003}
{"features":{"type":1,"values":[0.0,1200.0,3.0,2.0]},"Price":161900.0,"prediction":202484.05085061415}
{"features":{"type":1,"values":[0.0,2013.0,3.0,3.0]},"Price":249999.0,"prediction":350029.9498499285}
{"features":{"type":1,"values":[2.0,3305.0,4.0,3.0]},"Price":810000.0,"prediction":727225.3206622368}
{"features":{"type":1,"values":[2.0,4229.0,4.0,5.0]},"Price":890000.0,"prediction":1162490.8603896105}
{"features":{"type":1,"values":[28.0,1746.0,3.0,2.0]},"Price":525000.0,"prediction":629058.404617799}
{"features":{"type":1,"values":[28.0,2092.0,3.0,2.0]},"Price":795000.0,"prediction":662379.9177370364}
{"features":{"type":1,"values":[16.0,750.0,2.0,1.0]},"Price":164900.0,"prediction":317267.1235918508}
{"features":{"type":1,"values":[24.0,1793.0,3.0,3.0]},"Price":167770.0,"prediction":513780.39525589906}
{"features":{"type":1,"values":[14.0,1458.0,3.0,2.0]},"Price":229000.0,"prediction":240405.09401049148}
{"features":{"type":1,"values":[9.0,1749.0,2.0,3.0]},"Price":604995.0,"prediction":610491.9298562572}
{"features":{"type":1,"values":[28.0,2402.0,5.0,4.0]},"Price":999000.0,"prediction":1177799.0083255526}
{"features":{"type":1,"values":[1.0,1068.0,2.0,1.0]},"Price":299000.0,"prediction":207083.0778058521}
{"features":{"type":1,"values":[9.0,634.0,2.0,1.0]},"Price":519500.0,"prediction":393984.63891578367}
{"features":{"type":1,"values":[15.0,3000.0,4.0,4.0]},"Price":645000.0,"prediction":1070001.3293749262}
{"features":{"type":1,"values":[4.0,1033.0,2.0,2.0]},"Price":179000.0,"prediction":242139.7569335104}
{"features":{"type":1,"values":[0.0,2500.0,5.0,3.0]},"Price":290000.0,"prediction":361190.4483799081}
{"features":{"type":1,"values":[1.0,1352.0,3.0,3.0]},"Price":269000.0,"prediction":265712.4351929585}
{"features":{"type":1,"values":[2.0,1022.0,3.0,2.0]},"Price":239000.0,"prediction":229733.70834981656}
{"features":{"type":1,"values":[2.0,1665.0,3.0,2.0]},"Price":399500.0,"prediction":318664.03198499704}
{"features":{"type":1,"values":[0.0,731.0,1.0,1.0]},"Price":105000.0,"prediction":160296.88469676144}
{"features":{"type":1,"values":[0.0,1100.0,2.0,1.0]},"Price":165000.0,"prediction":164427.8989185445}
{"features":{"type":1,"values":[2.0,3387.0,4.0,4.0]},"Price":820000.0,"prediction":814499.5434956125}
{"features":{"type":1,"values":[14.0,965.0,3.0,1.0]},"Price":164900.0,"prediction":220653.5991178207}
{"features":{"type":1,"values":[4.0,1367.0,3.0,2.0]},"Price":289000.0,"prediction":288167.95980688685}
{"features":{"type":1,"values":[1.0,1640.0,3.0,2.0]},"Price":355000.0,"prediction":271990.67293309025}
{"features":{"type":1,"values":[11.0,966.0,2.0,2.0]},"Price":254900.0,"prediction":369995.2099341414}
{"features":{"type":1,"values":[0.0,2523.0,3.0,3.0]},"Price":437500.0,"prediction":468334.0703767132}
{"features":{"type":1,"values":[0.0,2511.0,3.0,3.0]},"Price":299900.0,"prediction":468334.0703767132}
{"features":{"type":1,"values":[4.0,4463.0,3.0,5.0]},"Price":1700000.0,"prediction":1636652.3974358975}
{"features":{"type":1,"values":[8.0,1635.0,3.0,2.0]},"Price":349000.0,"prediction":364255.49730256636}
{"features":{"type":1,"values":[0.0,1300.0,3.0,2.0]},"Price":185000.0,"prediction":208518.78216142138}
{"features":{"type":1,"values":[10.0,910.0,0.0,1.0]},"Price":311900.0,"prediction":365712.342468944}
{"features":{"type":1,"values":[16.0,1313.0,2.0,1.0]},"Price":142900.0,"prediction":306185.1882403558}
{"features":{"type":1,"values":[12.0,1797.0,4.0,2.0]},"Price":305000.0,"prediction":565262.3452636788}
{"features":{"type":1,"values":[2.0,792.0,2.0,1.0]},"Price":199000.0,"prediction":189724.50254093757}
{"features":{"type":1,"values":[15.0,1085.0,2.0,2.0]},"Price":289000.0,"prediction":338912.42567579827}
{"features":{"type":1,"values":[2.0,3962.0,4.0,4.0]},"Price":900000.0,"prediction":793393.8524531025}
{"features":{"type":1,"values":[2.0,1260.0,2.0,3.0]},"Price":199000.0,"prediction":295806.6795613881}
{"features":{"type":1,"values":[0.0,1800.0,3.0,3.0]},"Price":295000.0,"prediction":280023.3110505573}
{"features":{"type":1,"values":[0.0,1650.0,4.0,2.0]},"Price":233000.0,"prediction":233266.08334581353}
{"features":{"type":1,"values":[3.0,1005.0,3.0,1.0]},"Price":289000.0,"prediction":330422.3458592313}
{"features":{"type":1,"values":[0.0,1800.0,2.0,3.0]},"Price":99999.0,"prediction":259749.33865255653}
{"features":{"type":1,"values":[0.0,1102.0,4.0,2.0]},"Price":210000.0,"prediction":182892.2000883577}
{"features":{"type":1,"values":[1.0,1000.0,2.0,1.0]},"Price":199000.0,"prediction":204405.10697800844}
{"features":{"type":1,"values":[3.0,2600.0,3.0,3.0]},"Price":520000.0,"prediction":881709.969402248}
{"features":{"type":1,"values":[1.0,3150.0,5.0,3.0]},"Price":579000.0,"prediction":455409.2550782155}
{"features":{"type":1,"values":[0.0,2300.0,4.0,3.0]},"Price":399000.0,"prediction":327508.80891041085}
{"features":{"type":1,"values":[6.0,1144.0,3.0,2.0]},"Price":165000.0,"prediction":209017.72229876526}
{"features":{"type":1,"values":[5.0,720.0,2.0,1.0]},"Price":249900.0,"prediction":183030.64810870806}
{"features":{"type":1,"values":[0.0,840.0,2.0,2.0]},"Price":65900.0,"prediction":161435.45720181195}
{"features":{"type":1,"values":[17.0,1878.0,4.0,3.0]},"Price":212000.0,"prediction":394422.96785332944}
{"features":{"type":1,"values":[14.0,1350.0,3.0,2.0]},"Price":180000.0,"prediction":226828.04301542687}
{"features":{"type":1,"values":[0.0,1377.0,4.0,2.0]},"Price":210000.0,"prediction":217116.33903733207}
{"features":{"type":1,"values":[0.0,2004.0,3.0,2.0]},"Price":315000.0,"prediction":349383.3978107859}
{"features":{"type":1,"values":[2.0,1030.0,3.0,1.0]},"Price":264450.0,"prediction":209959.52911533244}
{"features":{"type":1,"values":[9.0,2200.0,3.0,3.0]},"Price":875000.0,"prediction":706801.9468843754}
{"features":{"type":1,"values":[2.0,1261.0,3.0,3.0]},"Price":250000.0,"prediction":324057.5113910517}
{"features":{"type":1,"values":[6.0,1120.0,3.0,2.0]},"Price":165000.0,"prediction":205798.7191640663}
{"features":{"type":1,"values":[0.0,6098.0,5.0,3.0]},"Price":245000.0,"prediction":755389.4000553276}
{"features":{"type":1,"values":[0.0,1500.0,4.0,2.0]},"Price":169900.0,"prediction":230062.43714058003}
{"features":{"type":1,"values":[0.0,2100.0,4.0,3.0]},"Price":289000.0,"prediction":317031.6575680836}
{"features":{"type":1,"values":[16.0,1487.0,3.0,2.0]},"Price":399900.0,"prediction":408537.5820901714}
{"features":{"type":1,"values":[0.0,1300.0,3.0,2.0]},"Price":195000.0,"prediction":208518.78216142138}
{"features":{"type":1,"values":[11.0,896.0,2.0,2.0]},"Price":299000.0,"prediction":369995.2099341414}
{"features":{"type":1,"values":[8.0,1194.0,2.0,2.0]},"Price":275000.0,"prediction":308491.9901705731}
{"features":{"type":1,"values":[6.0,944.0,3.0,2.0]},"Price":170000.0,"prediction":184643.0244466829}
{"features":{"type":1,"values":[0.0,2340.0,3.0,3.0]},"Price":359900.0,"prediction":373871.87172365666}
{"features":{"type":1,"values":[0.0,1080.0,3.0,2.0]},"Price":143000.0,"prediction":182892.2000883577}
{"features":{"type":1,"values":[1.0,1774.0,3.0,2.0]},"Price":359000.0,"prediction":366825.46077708085}
{"features":{"type":1,"values":[0.0,1800.0,3.0,3.0]},"Price":225000.0,"prediction":280023.3110505573}
{"features":{"type":1,"values":[4.0,1650.0,3.0,3.0]},"Price":242500.0,"prediction":335806.81678093795}
{"features":{"type":1,"values":[16.0,2218.0,3.0,3.0]},"Price":789000.0,"prediction":694849.6490828039}
{"features":{"type":1,"values":[0.0,1467.0,4.0,3.0]},"Price":199000.0,"prediction":235254.41130843043}
{"features":{"type":1,"values":[5.0,5103.0,6.0,7.0]},"Price":1249000.0,"prediction":1689616.6666666667}
{"features":{"type":1,"values":[17.0,1802.0,5.0,2.0]},"Price":219500.0,"prediction":328895.73631364305}
{"features":{"type":1,"values":[11.0,1190.0,2.0,2.0]},"Price":239800.0,"prediction":400359.683421719}
{"features":{"type":1,"values":[0.0,1800.0,3.0,3.0]},"Price":269000.0,"prediction":280023.3110505573}
{"features":{"type":1,"values":[2.0,1514.0,3.0,2.0]},"Price":369000.0,"prediction":299831.89129451197}
{"features":{"type":1,"values":[0.0,2053.0,6.0,3.0]},"Price":339900.0,"prediction":332029.16481446044}
{"features":{"type":1,"values":[0.0,1050.0,3.0,2.0]},"Price":165000.0,"prediction":179058.67942169105}
{"features":{"type":1,"values":[2.0,1685.0,3.0,3.0]},"Price":309000.0,"prediction":376046.13345769385}
{"features":{"type":1,"values":[8.0,1200.0,3.0,2.0]},"Price":310000.0,"prediction":325890.83483457594}
{"features":{"type":1,"values":[6.0,1973.0,4.0,2.0]},"Price":295000.0,"prediction":357795.9417170795}
{"features":{"type":1,"values":[0.0,920.0,2.0,1.0]},"Price":169990.0,"prediction":157916.40742403414}
{"features":{"type":1,"values":[0.0,1027.0,3.0,2.0]},"Price":145000.0,"prediction":179058.67942169105}
{"features":{"type":1,"values":[0.0,1859.0,3.0,3.0]},"Price":245000.0,"prediction":319953.91125373304}
{"features":{"type":1,"values":[0.0,1075.0,3.0,2.0]},"Price":139000.0,"prediction":182892.2000883577}
{"features":{"type":1,"values":[3.0,2035.0,4.0,3.0]},"Price":514900.0,"prediction":550486.3975954636}
{"features":{"type":1,"values":[9.0,1858.0,3.0,2.0]},"Price":549000.0,"prediction":572398.4332762931}
{"features":{"type":1,"values":[2.0,1261.0,3.0,3.0]},"Price":235000.0,"prediction":324057.5113910517}
{"features":{"type":1,"values":[5.0,1120.0,3.0,2.0]},"Price":259900.0,"prediction":237817.01130461926}
{"features":{"type":1,"values":[4.0,5190.0,4.0,4.0]},"Price":1399900.0,"prediction":1053677.2615440118}
{"features":{"type":1,"values":[13.0,1204.0,3.0,2.0]},"Price":399000.0,"prediction":376013.0178522574}
{"features":{"type":1,"values":[4.0,2125.0,4.0,2.0]},"Price":296800.0,"prediction":460552.613475341}
{"features":{"type":1,"values":[0.0,1750.0,3.0,3.0]},"Price":210000.0,"prediction":253945.5785067302}
{"features":{"type":1,"values":[14.0,1458.0,3.0,2.0]},"Price":229000.0,"prediction":240405.09401049148}
{"features":{"type":1,"values":[14.0,1184.0,3.0,2.0]},"Price":199500.0,"prediction":245509.50669743927}
{"features":{"type":1,"values":[2.0,2135.0,3.0,3.0]},"Price":449900.0,"prediction":498379.7434271288}
{"features":{"type":1,"values":[1.0,1870.0,4.0,2.0]},"Price":429000.0,"prediction":388005.63459831505}
{"features":{"type":1,"values":[2.0,2400.0,4.0,3.0]},"Price":335000.0,"prediction":539402.1654239655}
{"features":{"type":1,"values":[0.0,1910.0,3.0,3.0]},"Price":280000.0,"prediction":319953.91125373304}
{"features":{"type":1,"values":[1.0,1960.0,3.0,2.0]},"Price":409000.0,"prediction":419861.24370121537}
{"features":{"type":1,"values":[33.0,628.0,1.0,1.0]},"Price":59900.0,"prediction":492653.76086956525}
{"features":{"type":1,"values":[0.0,1275.0,3.0,2.0]},"Price":199900.0,"prediction":211440.468207933}
{"features":{"type":1,"values":[0.0,1526.0,3.0,2.0]},"Price":159900.0,"prediction":230062.43714058003}
{"features":{"type":1,"values":[0.0,1008.0,3.0,2.0]},"Price":179900.0,"prediction":176380.70859384738}
{"features":{"type":1,"values":[0.0,3039.0,5.0,4.0]},"Price":425000.0,"prediction":563682.0854033377}
{"features":{"type":1,"values":[15.0,1868.0,4.0,3.0]},"Price":395000.0,"prediction":418303.4109205271}
{"features":{"type":1,"values":[0.0,1927.0,4.0,3.0]},"Price":230000.0,"prediction":284696.9917353052}
{"features":{"type":1,"values":[1.0,1657.0,3.0,2.0]},"Price":304900.0,"prediction":271990.67293309025}
{"features":{"type":1,"values":[0.0,1520.0,3.0,2.0]},"Price":209000.0,"prediction":230062.43714058003}
{"features":{"type":1,"values":[0.0,2900.0,5.0,4.0]},"Price":310000.0,"prediction":563682.0854033377}
{"features":{"type":1,"values":[0.0,980.0,2.0,2.0]},"Price":187900.0,"prediction":161435.45720181195}
{"features":{"type":1,"values":[0.0,1200.0,3.0,2.0]},"Price":175000.0,"prediction":202484.05085061415}
{"features":{"type":1,"values":[0.0,1257.0,3.0,2.0]},"Price":185000.0,"prediction":211440.468207933}
{"features":{"type":1,"values":[0.0,1100.0,2.0,2.0]},"Price":139900.0,"prediction":167946.9486963223}
{"features":{"type":1,"values":[0.0,1461.0,3.0,2.0]},"Price":174900.0,"prediction":230062.43714058003}
{"features":{"type":1,"values":[0.0,2039.0,3.0,3.0]},"Price":240000.0,"prediction":350029.9498499285}
{"features":{"type":1,"values":[3.0,748.0,1.0,1.0]},"Price":250000.0,"prediction":314693.7543205729}
{"features":{"type":1,"values":[12.0,3123.0,3.0,4.0]},"Price":774800.0,"prediction":1134968.4320054944}
{"features":{"type":1,"values":[4.0,1152.0,2.0,2.0]},"Price":175000.0,"prediction":254854.2173564252}
{"features":{"type":1,"values":[7.0,703.0,2.0,2.0]},"Price":389000.0,"prediction":431586.3649071374}
{"features":{"type":1,"values":[1.0,1807.0,3.0,2.0]},"Price":425000.0,"prediction":366825.46077708085}
{"features":{"type":1,"values":[0.0,800.0,1.0,1.0]},"Price":78500.0,"prediction":160296.88469676144}
{"features":{"type":1,"values":[0.0,3000.0,5.0,4.0]},"Price":699900.0,"prediction":563682.0854033377}
{"features":{"type":1,"values":[8.0,1240.0,3.0,2.0]},"Price":329900.0,"prediction":328408.5947524966}
{"features":{"type":1,"values":[2.0,2044.0,3.0,3.0]},"Price":995000.0,"prediction":479863.6776565196}
{"features":{"type":1,"values":[3.0,624.0,2.0,1.0]},"Price":54500.0,"prediction":314693.7543205729}
{"features":{"type":1,"values":[3.0,1800.0,3.0,2.0]},"Price":149000.0,"prediction":515979.8098970376}
{"features":{"type":1,"values":[1.0,1467.0,3.0,2.0]},"Price":349000.0,"prediction":259998.41400384245}
{"features":{"type":1,"values":[0.0,2150.0,4.0,3.0]},"Price":299900.0,"prediction":322610.48045037186}
{"features":{"type":1,"values":[2.0,1232.0,3.0,2.0]},"Price":264900.0,"prediction":265494.2127499237}
{"features":{"type":1,"values":[30.0,1832.0,3.0,3.0]},"Price":525000.0,"prediction":662226.9202903353}
{"features":{"type":1,"values":[2.0,1310.0,3.0,2.0]},"Price":299000.0,"prediction":262572.52670341206}
{"features":{"type":1,"values":[6.0,1225.0,3.0,2.0]},"Price":198900.0,"prediction":215397.90200278224}
{"features":{"type":1,"values":[0.0,1972.0,3.0,2.0]},"Price":179900.0,"prediction":339528.13042490795}
{"features":{"type":1,"values":[2.0,1961.0,3.0,3.0]},"Price":575000.0,"prediction":479863.6776565196}
{"features":{"type":1,"values":[0.0,1344.0,2.0,2.0]},"Price":26500.0,"prediction":199388.29443300312}
{"features":{"type":1,"values":[2.0,120.0,2.0,2.0]},"Price":67500.0,"prediction":206979.76510875497}
{"features":{"type":1,"values":[0.0,2100.0,4.0,3.0]},"Price":235000.0,"prediction":317031.6575680836}
{"features":{"type":1,"values":[0.0,1280.0,3.0,2.0]},"Price":250000.0,"prediction":208518.78216142138}
{"features":{"type":1,"values":[0.0,2097.0,4.0,3.0]},"Price":250000.0,"prediction":317031.6575680836}
{"features":{"type":1,"values":[20.0,1526.0,3.0,2.0]},"Price":199900.0,"prediction":326972.68543627806}
{"features":{"type":1,"values":[0.0,1145.0,2.0,1.0]},"Price":355000.0,"prediction":188122.1979566631}
{"features":{"type":1,"values":[1.0,1325.0,3.0,2.0]},"Price":339900.0,"prediction":247761.28485940644}
{"features":{"type":1,"values":[28.0,2693.0,4.0,4.0]},"Price":1395000.0,"prediction":1440473.3874209942}
{"features":{"type":1,"values":[2.0,1617.0,3.0,2.0]},"Price":265000.0,"prediction":318664.03198499704}
{"features":{"type":1,"values":[0.0,2000.0,3.0,2.0]},"Price":349900.0,"prediction":349383.3978107859}
{"features":{"type":1,"values":[7.0,924.0,2.0,2.0]},"Price":549000.0,"prediction":431586.3649071374}
{"features":{"type":1,"values":[21.0,2640.0,3.0,3.0]},"Price":1600000.0,"prediction":682670.8727271195}
{"features":{"type":1,"values":[2.0,1737.0,3.0,2.0]},"Price":355000.0,"prediction":338189.3978247554}
