{"Location":"Arroyo Grande","avg(PriceMeter)":3656.554401655784}
{"Location":"Atascadero","avg(PriceMeter)":2706.2075971184295}
{"Location":"Avila Beach","avg(PriceMeter)":6919.175660100937}
{"Location":"Bakersfield","avg(PriceMeter)":851.084803960396}
{"Location":"Bradley","avg(PriceMeter)":3378.346295502093}
{"Location":"Buellton","avg(PriceMeter)":2979.181437001183}
{"Location":"Cambria","avg(PriceMeter)":5252.376945427563}
{"Location":"Cayucos","avg(PriceMeter)":4709.336018667386}
{"Location":"Coalinga","avg(PriceMeter)":1518.5781637928246}
{"Location":"Creston","avg(PriceMeter)":3080.7537536623377}
{"Location":"Greenfield","avg(PriceMeter)":1118.4002958969277}
{"Location":"Grover Beach","avg(PriceMeter)":3285.2205213696916}
{"Location":"Guadalupe","avg(PriceMeter)":1467.677002541063}
{"Location":"King City","avg(PriceMeter)":873.370411433214}
{"Location":"Lockwood","avg(PriceMeter)":3460.3030799999997}
{"Location":"Lompoc","avg(PriceMeter)":1947.9651118700701}
{"Location":"Los Alamos","avg(PriceMeter)":2344.7710360531573}
{"Location":"Los Osos","avg(PriceMeter)":2895.148316519019}
{"Location":"Morro Bay","avg(PriceMeter)":4305.624882580905}
{"Location":"New Cuyama","avg(PriceMeter)":415.907516203164}
{"Location":"Nipomo","avg(PriceMeter)":2564.15417385506}
{"Location":"Oceano","avg(PriceMeter)":3944.3187492244006}
{"Location":"Out Of Area","avg(PriceMeter)":2024.7952468875392}
{"Location":"Paso Robles","avg(PriceMeter)":2406.3642861999165}
{"Location":"Pismo Beach","avg(PriceMeter)":5131.537135208117}
{"Location":"San Luis Obispo","avg(PriceMeter)":3916.7566235449253}
{"Location":"San Miguel","avg(PriceMeter)":2076.278109929221}
{"Location":"San Simeon","avg(PriceMeter)":2756.4106539901477}
{"Location":"Santa Margarita","avg(PriceMeter)":1164.8865932484077}
{"Location":"Santa Maria-Orcutt","avg(PriceMeter)":1822.721626249446}
{"Location":"Santa Ynez","avg(PriceMeter)":4779.241239192021}
{"Location":"Soledad","avg(PriceMeter)":1254.1916161338938}
{"Location":"Solvang","avg(PriceMeter)":3030.5263467530726}
{"Location":"Templeton","avg(PriceMeter)":3150.483115242261}
