{"Location":"Arroyo Grande","Average_Price_Meter":3628.8385829934878}
{"Location":"Atascadero","Average_Price_Meter":2685.695182756347}
{"Location":"Avila Beach","Average_Price_Meter":6866.729942952279}
{"Location":"Bakersfield","Average_Price_Meter":844.6337821782176}
{"Location":"Bradley","Average_Price_Meter":3352.7392285698543}
{"Location":"Buellton","Average_Price_Meter":2956.5999454110097}
{"Location":"Cambria","Average_Price_Meter":5212.565168827282}
{"Location":"Cayucos","Average_Price_Meter":4673.640364022102}
{"Location":"Coalinga","Average_Price_Meter":1507.0677000094486}
{"Location":"Creston","Average_Price_Meter":3057.4023679039233}
{"Location":"Greenfield","Average_Price_Meter":1109.9230858275519}
{"Location":"Grover Beach","Average_Price_Meter":3260.3193258084543}
{"Location":"Guadalupe","Average_Price_Meter":1456.5523575367854}
{"Location":"King City","Average_Price_Meter":866.7504700103992}
{"Location":"Lockwood","Average_Price_Meter":3434.074799999999}
{"Location":"Lompoc","Average_Price_Meter":1933.1999964442962}
{"Location":"Los Alamos","Average_Price_Meter":2326.9982254502506}
{"Location":"Los Osos","Average_Price_Meter":2873.2037761329234}
{"Location":"Morro Bay","Average_Price_Meter":4272.989262987925}
{"Location":"New Cuyama","Average_Price_Meter":412.7550354704412}
{"Location":"Nipomo","Average_Price_Meter":2544.7184908873587}
{"Location":"Oceano","Average_Price_Meter":3914.421744779371}
{"Location":"Out Of Area","Average_Price_Meter":2009.4477771861175}
{"Location":"Paso Robles","Average_Price_Meter":2388.124613309629}
{"Location":"Pismo Beach","Average_Price_Meter":5092.641295826141}
{"Location":"San Luis Obispo","Average_Price_Meter":3887.0685335021885}
{"Location":"San Miguel","Average_Price_Meter":2060.540412286535}
{"Location":"San Simeon","Average_Price_Meter":2735.5177123152703}
{"Location":"Santa Margarita","Average_Price_Meter":1156.0570280254776}
{"Location":"Santa Maria-Orcutt","Average_Price_Meter":1808.9058268613392}
{"Location":"Santa Ynez","Average_Price_Meter":4743.015719487233}
{"Location":"Soledad","Average_Price_Meter":1244.6851399319269}
{"Location":"Solvang","Average_Price_Meter":3007.5556728749866}
{"Location":"Templeton","Average_Price_Meter":3126.603197393606}
