{"features":{"type":1,"values":[1.0,2818.0,4.0,3.0]},"Price":399000.0,"prediction":655797.4334953733}
{"features":{"type":1,"values":[1.0,3032.0,4.0,3.0]},"Price":545000.0,"prediction":726506.6181622302}
{"features":{"type":1,"values":[16.0,1800.0,3.0,3.0]},"Price":324900.0,"prediction":524656.715909814}
{"features":{"type":1,"values":[0.0,1750.0,3.0,2.0]},"Price":350000.0,"prediction":357779.38287394575}
{"features":{"type":1,"values":[0.0,1600.0,3.0,2.0]},"Price":348000.0,"prediction":308216.87025698996}
{"features":{"type":1,"values":[25.0,1850.0,4.0,2.0]},"Price":399000.0,"prediction":467756.8876465319}
{"features":{"type":1,"values":[14.0,2950.0,3.0,3.0]},"Price":599000.0,"prediction":890528.0110863348}
{"features":{"type":1,"values":[30.0,3880.0,3.0,3.0]},"Price":1500000.0,"prediction":1310679.3350725784}
{"features":{"type":1,"values":[0.0,1080.0,3.0,1.0]},"Price":134900.0,"prediction":98907.41011577887}
{"features":{"type":1,"values":[0.0,2400.0,3.0,2.0]},"Price":285000.0,"prediction":572550.270880754}
{"features":{"type":1,"values":[2.0,1415.0,3.0,2.0]},"Price":389000.0,"prediction":261197.73958288442}
{"features":{"type":1,"values":[0.0,2628.0,3.0,3.0]},"Price":559000.0,"prediction":685378.0397942913}
{"features":{"type":1,"values":[8.0,2100.0,3.0,2.0]},"Price":500000.0,"prediction":529857.1185274016}
{"features":{"type":1,"values":[0.0,1900.0,3.0,3.0]},"Price":330000.0,"prediction":444834.64522666606}
{"features":{"type":1,"values":[0.0,1218.0,3.0,2.0]},"Price":255000.0,"prediction":181997.67145914276}
{"features":{"type":1,"values":[10.0,2100.0,3.0,3.0]},"Price":789000.0,"prediction":581457.836483306}
{"features":{"type":1,"values":[4.0,2168.0,4.0,2.0]},"Price":430000.0,"prediction":424695.7480830103}
{"features":{"type":1,"values":[10.0,2430.0,3.0,3.0]},"Price":899000.0,"prediction":690495.3642406085}
{"features":{"type":1,"values":[10.0,2100.0,3.0,3.0]},"Price":1045000.0,"prediction":581457.836483306}
{"features":{"type":1,"values":[0.0,1800.0,3.0,3.0]},"Price":239000.0,"prediction":411792.9701486956}
{"features":{"type":1,"values":[0.0,1218.0,3.0,2.0]},"Price":195000.0,"prediction":181997.67145914276}
{"features":{"type":1,"values":[4.0,2688.0,7.0,5.0]},"Price":325000.0,"prediction":410749.3885243557}
{"features":{"type":1,"values":[0.0,900.0,1.0,1.0]},"Price":119000.0,"prediction":238259.94108969526}
{"features":{"type":1,"values":[3.0,1486.0,3.0,2.0]},"Price":495000.0,"prediction":291711.31299831334}
{"features":{"type":1,"values":[11.0,2117.0,3.0,2.0]},"Price":595000.0,"prediction":556636.1556208663}
{"features":{"type":1,"values":[0.0,1472.0,3.0,2.0]},"Price":189900.0,"prediction":265923.52615718776}
{"features":{"type":1,"values":[0.0,1200.0,3.0,2.0]},"Price":161900.0,"prediction":176050.16994510806}
{"features":{"type":1,"values":[0.0,2013.0,3.0,3.0]},"Price":249999.0,"prediction":482171.73806477274}
{"features":{"type":1,"values":[2.0,3305.0,4.0,3.0]},"Price":810000.0,"prediction":823764.3752351595}
{"features":{"type":1,"values":[2.0,4229.0,4.0,5.0]},"Price":890000.0,"prediction":1204054.952427136}
{"features":{"type":1,"values":[28.0,1746.0,3.0,2.0]},"Price":525000.0,"prediction":553969.2709527839}
{"features":{"type":1,"values":[28.0,2092.0,3.0,2.0]},"Price":795000.0,"prediction":668293.466722562}
{"features":{"type":1,"values":[16.0,750.0,2.0,1.0]},"Price":164900.0,"prediction":202147.40117672624}
{"features":{"type":1,"values":[24.0,1793.0,3.0,3.0]},"Price":167770.0,"prediction":578775.6715349151}
{"features":{"type":1,"values":[14.0,1458.0,3.0,2.0]},"Price":229000.0,"prediction":360053.4691872505}
{"features":{"type":1,"values":[9.0,1749.0,2.0,3.0]},"Price":604995.0,"prediction":557841.3459066915}
{"features":{"type":1,"values":[28.0,2402.0,5.0,4.0]},"Price":999000.0,"prediction":646880.6128215365}
{"features":{"type":1,"values":[1.0,1068.0,2.0,1.0]},"Price":299000.0,"prediction":201410.1662736239}
{"features":{"type":1,"values":[9.0,634.0,2.0,1.0]},"Price":519500.0,"prediction":114441.16931579121}
{"features":{"type":1,"values":[15.0,3000.0,4.0,4.0]},"Price":645000.0,"prediction":852181.8094140227}
{"features":{"type":1,"values":[4.0,1033.0,2.0,2.0]},"Price":179000.0,"prediction":248500.2820623086}
{"features":{"type":1,"values":[0.0,2500.0,5.0,3.0]},"Price":290000.0,"prediction":444257.14958022564}
{"features":{"type":1,"values":[1.0,1352.0,3.0,3.0]},"Price":269000.0,"prediction":270820.2499094577}
{"features":{"type":1,"values":[2.0,1022.0,3.0,2.0]},"Price":239000.0,"prediction":131343.95652646042}
{"features":{"type":1,"values":[2.0,1665.0,3.0,2.0]},"Price":399500.0,"prediction":343801.9272778105}
{"features":{"type":1,"values":[0.0,731.0,1.0,1.0]},"Price":105000.0,"prediction":182419.51020792517}
{"features":{"type":1,"values":[0.0,1100.0,2.0,1.0]},"Price":165000.0,"prediction":204929.5181885046}
{"features":{"type":1,"values":[2.0,3387.0,4.0,4.0]},"Price":820000.0,"prediction":888351.29853486}
{"features":{"type":1,"values":[14.0,965.0,3.0,1.0]},"Price":164900.0,"prediction":159665.26131709135}
{"features":{"type":1,"values":[4.0,1367.0,3.0,2.0]},"Price":289000.0,"prediction":259445.70376559836}
{"features":{"type":1,"values":[1.0,1640.0,3.0,2.0]},"Price":355000.0,"prediction":328487.5243982482}
{"features":{"type":1,"values":[11.0,966.0,2.0,2.0]},"Price":254900.0,"prediction":275740.24853055767}
{"features":{"type":1,"values":[0.0,2523.0,3.0,3.0]},"Price":437500.0,"prediction":650684.2809624221}
{"features":{"type":1,"values":[0.0,2511.0,3.0,3.0]},"Price":299900.0,"prediction":646719.2799530657}
{"features":{"type":1,"values":[4.0,4463.0,3.0,5.0]},"Price":1700000.0,"prediction":1394894.2133868583}
{"features":{"type":1,"values":[8.0,1635.0,3.0,2.0]},"Price":349000.0,"prediction":376213.3294148388}
{"features":{"type":1,"values":[0.0,1300.0,3.0,2.0]},"Price":185000.0,"prediction":209091.84502307855}
{"features":{"type":1,"values":[10.0,910.0,0.0,1.0]},"Price":311900.0,"prediction":411517.722755323}
{"features":{"type":1,"values":[16.0,1313.0,2.0,1.0]},"Price":142900.0,"prediction":388172.03186570003}
{"features":{"type":1,"values":[12.0,1797.0,4.0,2.0]},"Price":305000.0,"prediction":358543.006424299}
{"features":{"type":1,"values":[2.0,792.0,2.0,1.0]},"Price":199000.0,"prediction":117269.12716849531}
{"features":{"type":1,"values":[15.0,1085.0,2.0,2.0]},"Price":289000.0,"prediction":343275.77831362205}
{"features":{"type":1,"values":[2.0,3962.0,4.0,4.0]},"Price":900000.0,"prediction":1078340.93023319}
{"features":{"type":1,"values":[2.0,1260.0,2.0,3.0]},"Price":199000.0,"prediction":346889.6660049265}
{"features":{"type":1,"values":[0.0,1800.0,3.0,3.0]},"Price":295000.0,"prediction":411792.9701486956}
{"features":{"type":1,"values":[0.0,1650.0,4.0,2.0]},"Price":233000.0,"prediction":225323.93473884359}
{"features":{"type":1,"values":[3.0,1005.0,3.0,1.0]},"Price":289000.0,"prediction":95288.10613751064}
{"features":{"type":1,"values":[0.0,1800.0,2.0,3.0]},"Price":99999.0,"prediction":511206.7432058272}
{"features":{"type":1,"values":[0.0,1102.0,4.0,2.0]},"Price":210000.0,"prediction":44255.555311565295}
{"features":{"type":1,"values":[1.0,1000.0,2.0,1.0]},"Price":199000.0,"prediction":178941.82722060397}
{"features":{"type":1,"values":[3.0,2600.0,3.0,3.0]},"Price":520000.0,"prediction":697288.3231026692}
{"features":{"type":1,"values":[1.0,3150.0,5.0,3.0]},"Price":579000.0,"prediction":666082.0216971036}
{"features":{"type":1,"values":[0.0,2300.0,4.0,3.0]},"Price":399000.0,"prediction":477587.57248141634}
{"features":{"type":1,"values":[6.0,1144.0,3.0,2.0]},"Price":165000.0,"prediction":199870.73656186397}
{"features":{"type":1,"values":[5.0,720.0,2.0,1.0]},"Price":249900.0,"prediction":114641.07344256625}
{"features":{"type":1,"values":[0.0,840.0,2.0,2.0]},"Price":65900.0,"prediction":156513.912721546}
{"features":{"type":1,"values":[17.0,1878.0,4.0,3.0]},"Price":212000.0,"prediction":458069.4335235692}
{"features":{"type":1,"values":[14.0,1350.0,3.0,2.0]},"Price":180000.0,"prediction":324368.4601030423}
{"features":{"type":1,"values":[0.0,1377.0,4.0,2.0]},"Price":210000.0,"prediction":135120.16177598416}
{"features":{"type":1,"values":[0.0,2004.0,3.0,2.0]},"Price":315000.0,"prediction":441705.2375719907}
{"features":{"type":1,"values":[2.0,1030.0,3.0,1.0]},"Price":264450.0,"prediction":96494.54079693342}
{"features":{"type":1,"values":[9.0,2200.0,3.0,3.0]},"Price":875000.0,"prediction":607445.5274512067}
{"features":{"type":1,"values":[2.0,1261.0,3.0,3.0]},"Price":250000.0,"prediction":247806.30969857448}
{"features":{"type":1,"values":[6.0,1120.0,3.0,2.0]},"Price":165000.0,"prediction":191940.73454315105}
{"features":{"type":1,"values":[0.0,6098.0,5.0,3.0]},"Price":245000.0,"prediction":1633096.6188856035}
{"features":{"type":1,"values":[0.0,1500.0,4.0,2.0]},"Price":169900.0,"prediction":175761.42212188785}
{"features":{"type":1,"values":[0.0,2100.0,4.0,3.0]},"Price":289000.0,"prediction":411504.22232547536}
{"features":{"type":1,"values":[16.0,1487.0,3.0,2.0]},"Price":399900.0,"prediction":383743.52318000165}
{"features":{"type":1,"values":[0.0,1300.0,3.0,2.0]},"Price":195000.0,"prediction":209091.84502307855}
{"features":{"type":1,"values":[11.0,896.0,2.0,2.0]},"Price":299000.0,"prediction":252611.0759759783}
{"features":{"type":1,"values":[8.0,1194.0,2.0,2.0]},"Price":275000.0,"prediction":329913.3153781207}
{"features":{"type":1,"values":[6.0,944.0,3.0,2.0]},"Price":170000.0,"prediction":133787.386405923}
{"features":{"type":1,"values":[0.0,2340.0,3.0,3.0]},"Price":359900.0,"prediction":590218.0155697362}
{"features":{"type":1,"values":[0.0,1080.0,3.0,2.0]},"Price":143000.0,"prediction":136400.1598515435}
{"features":{"type":1,"values":[1.0,1774.0,3.0,2.0]},"Price":359000.0,"prediction":372763.3690027286}
{"features":{"type":1,"values":[0.0,1800.0,3.0,3.0]},"Price":225000.0,"prediction":411792.9701486956}
{"features":{"type":1,"values":[4.0,1650.0,3.0,3.0]},"Price":242500.0,"prediction":390446.3939720195}
{"features":{"type":1,"values":[16.0,2218.0,3.0,3.0]},"Price":789000.0,"prediction":662770.9177357306}
{"features":{"type":1,"values":[0.0,1467.0,4.0,3.0]},"Price":199000.0,"prediction":202350.4190819222}
{"features":{"type":1,"values":[5.0,5103.0,6.0,7.0]},"Price":1249000.0,"prediction":1390159.0982960735}
{"features":{"type":1,"values":[17.0,1802.0,5.0,2.0]},"Price":219500.0,"prediction":296051.2376714152}
{"features":{"type":1,"values":[11.0,1190.0,2.0,2.0]},"Price":239800.0,"prediction":349753.60070521146}
{"features":{"type":1,"values":[0.0,1800.0,3.0,3.0]},"Price":269000.0,"prediction":411792.9701486956}
{"features":{"type":1,"values":[2.0,1514.0,3.0,2.0]},"Price":369000.0,"prediction":293908.9979100752}
{"features":{"type":1,"values":[0.0,2053.0,6.0,3.0]},"Price":339900.0,"prediction":197147.08892456593}
{"features":{"type":1,"values":[0.0,1050.0,3.0,2.0]},"Price":165000.0,"prediction":126487.65732815235}
{"features":{"type":1,"values":[2.0,1685.0,3.0,3.0]},"Price":309000.0,"prediction":387903.0120291693}
{"features":{"type":1,"values":[8.0,1200.0,3.0,2.0]},"Price":310000.0,"prediction":232482.04282566725}
{"features":{"type":1,"values":[6.0,1973.0,4.0,2.0]},"Price":295000.0,"prediction":374372.4499011076}
{"features":{"type":1,"values":[0.0,920.0,2.0,1.0]},"Price":169990.0,"prediction":145454.5030481577}
{"features":{"type":1,"values":[0.0,1027.0,3.0,2.0]},"Price":145000.0,"prediction":118888.07206021914}
{"features":{"type":1,"values":[0.0,1859.0,3.0,3.0]},"Price":245000.0,"prediction":431287.55844469817}
{"features":{"type":1,"values":[0.0,1075.0,3.0,2.0]},"Price":139000.0,"prediction":134748.07609764498}
{"features":{"type":1,"values":[3.0,2035.0,4.0,3.0]},"Price":514900.0,"prediction":411189.0858550042}
{"features":{"type":1,"values":[9.0,1858.0,3.0,2.0]},"Price":549000.0,"prediction":456950.2489487829}
{"features":{"type":1,"values":[2.0,1261.0,3.0,3.0]},"Price":235000.0,"prediction":247806.30969857448}
{"features":{"type":1,"values":[5.0,1120.0,3.0,2.0]},"Price":259900.0,"prediction":184886.75043308112}
{"features":{"type":1,"values":[4.0,5190.0,4.0,4.0]},"Price":1399900.0,"prediction":1498200.6684108074}
{"features":{"type":1,"values":[13.0,1204.0,3.0,2.0]},"Price":399000.0,"prediction":269073.63037913555}
{"features":{"type":1,"values":[4.0,2125.0,4.0,2.0]},"Price":296800.0,"prediction":410487.82779948297}
{"features":{"type":1,"values":[0.0,1750.0,3.0,3.0]},"Price":210000.0,"prediction":395272.1326097104}
{"features":{"type":1,"values":[14.0,1458.0,3.0,2.0]},"Price":229000.0,"prediction":360053.4691872505}
{"features":{"type":1,"values":[14.0,1184.0,3.0,2.0]},"Price":199500.0,"prediction":269519.27947361127}
{"features":{"type":1,"values":[2.0,2135.0,3.0,3.0]},"Price":449900.0,"prediction":536590.5498800365}
{"features":{"type":1,"values":[1.0,1870.0,4.0,2.0]},"Price":429000.0,"prediction":305069.6040204485}
{"features":{"type":1,"values":[2.0,2400.0,4.0,3.0]},"Price":335000.0,"prediction":524737.2157795266}
{"features":{"type":1,"values":[0.0,1910.0,3.0,3.0]},"Price":280000.0,"prediction":448138.8127344632}
{"features":{"type":1,"values":[1.0,1960.0,3.0,2.0]},"Price":409000.0,"prediction":434220.8846477537}
{"features":{"type":1,"values":[33.0,628.0,1.0,1.0]},"Price":59900.0,"prediction":381168.0605099221}
{"features":{"type":1,"values":[0.0,1275.0,3.0,2.0]},"Price":199900.0,"prediction":200831.4262535859}
{"features":{"type":1,"values":[0.0,1526.0,3.0,2.0]},"Price":159900.0,"prediction":283766.03069929185}
{"features":{"type":1,"values":[0.0,1008.0,3.0,2.0]},"Price":179900.0,"prediction":112610.15379540472}
{"features":{"type":1,"values":[0.0,3039.0,5.0,4.0]},"Price":425000.0,"prediction":659844.5279862512}
{"features":{"type":1,"values":[15.0,1868.0,4.0,3.0]},"Price":395000.0,"prediction":440657.29779563233}
{"features":{"type":1,"values":[0.0,1927.0,4.0,3.0]},"Price":230000.0,"prediction":354342.1244405865}
{"features":{"type":1,"values":[1.0,1657.0,3.0,2.0]},"Price":304900.0,"prediction":334104.60916150315}
{"features":{"type":1,"values":[0.0,1520.0,3.0,2.0]},"Price":209000.0,"prediction":281783.5301946136}
{"features":{"type":1,"values":[0.0,2900.0,5.0,4.0]},"Price":310000.0,"prediction":613916.5996278723}
{"features":{"type":1,"values":[0.0,980.0,2.0,2.0]},"Price":187900.0,"prediction":202772.25783070465}
{"features":{"type":1,"values":[0.0,1200.0,3.0,2.0]},"Price":175000.0,"prediction":176050.16994510806}
{"features":{"type":1,"values":[0.0,1257.0,3.0,2.0]},"Price":185000.0,"prediction":194883.92473955126}
{"features":{"type":1,"values":[0.0,1100.0,2.0,2.0]},"Price":139900.0,"prediction":242422.26792426922}
{"features":{"type":1,"values":[0.0,1461.0,3.0,2.0]},"Price":174900.0,"prediction":262288.941898611}
{"features":{"type":1,"values":[0.0,2039.0,3.0,3.0]},"Price":240000.0,"prediction":490762.5735850451}
{"features":{"type":1,"values":[3.0,748.0,1.0,1.0]},"Price":250000.0,"prediction":209198.5473013898}
{"features":{"type":1,"values":[12.0,3123.0,3.0,4.0]},"Price":774800.0,"prediction":971074.8904868487}
{"features":{"type":1,"values":[4.0,1152.0,2.0,2.0]},"Price":175000.0,"prediction":287819.8754050935}
{"features":{"type":1,"values":[7.0,703.0,2.0,2.0]},"Price":389000.0,"prediction":160624.7066352157}
{"features":{"type":1,"values":[1.0,1807.0,3.0,2.0]},"Price":425000.0,"prediction":383667.1217784588}
{"features":{"type":1,"values":[0.0,800.0,1.0,1.0]},"Price":78500.0,"prediction":205218.26601172477}
{"features":{"type":1,"values":[0.0,3000.0,5.0,4.0]},"Price":699900.0,"prediction":646958.2747058427}
{"features":{"type":1,"values":[8.0,1240.0,3.0,2.0]},"Price":329900.0,"prediction":245698.71285685542}
{"features":{"type":1,"values":[2.0,2044.0,3.0,3.0]},"Price":995000.0,"prediction":506522.62555908336}
{"features":{"type":1,"values":[3.0,624.0,2.0,1.0]},"Price":54500.0,"prediction":68813.09714757481}
{"features":{"type":1,"values":[3.0,1800.0,3.0,2.0]},"Price":149000.0,"prediction":395462.1727431406}
{"features":{"type":1,"values":[1.0,1467.0,3.0,2.0]},"Price":349000.0,"prediction":271325.4265133591}
{"features":{"type":1,"values":[0.0,2150.0,4.0,3.0]},"Price":299900.0,"prediction":428025.05986446067}
{"features":{"type":1,"values":[2.0,1232.0,3.0,2.0]},"Price":264900.0,"prediction":200731.4741901984}
{"features":{"type":1,"values":[30.0,1832.0,3.0,3.0]},"Price":525000.0,"prediction":633985.8294757431}
{"features":{"type":1,"values":[2.0,1310.0,3.0,2.0]},"Price":299000.0,"prediction":226503.98075101542}
{"features":{"type":1,"values":[6.0,1225.0,3.0,2.0]},"Price":198900.0,"prediction":226634.49337502004}
{"features":{"type":1,"values":[0.0,1972.0,3.0,2.0]},"Price":179900.0,"prediction":431131.9015470402}
{"features":{"type":1,"values":[2.0,1961.0,3.0,3.0]},"Price":575000.0,"prediction":479098.03524436784}
{"features":{"type":1,"values":[0.0,1344.0,2.0,2.0]},"Price":26500.0,"prediction":323043.9551145172}
{"features":{"type":1,"values":[2.0,120.0,2.0,2.0]},"Price":67500.0,"prediction":-67278.17961970171}
{"features":{"type":1,"values":[0.0,2100.0,4.0,3.0]},"Price":235000.0,"prediction":411504.22232547536}
{"features":{"type":1,"values":[0.0,1280.0,3.0,2.0]},"Price":250000.0,"prediction":202483.51000748447}
{"features":{"type":1,"values":[0.0,2097.0,4.0,3.0]},"Price":250000.0,"prediction":410512.9720731363}
{"features":{"type":1,"values":[20.0,1526.0,3.0,2.0]},"Price":199900.0,"prediction":424845.7129006898}
{"features":{"type":1,"values":[0.0,1145.0,2.0,1.0]},"Price":355000.0,"prediction":219798.27197359133}
{"features":{"type":1,"values":[1.0,1325.0,3.0,2.0]},"Price":339900.0,"prediction":224406.24790264101}
{"features":{"type":1,"values":[28.0,2693.0,4.0,4.0]},"Price":1395000.0,"prediction":842445.660355562}
{"features":{"type":1,"values":[2.0,1617.0,3.0,2.0]},"Price":265000.0,"prediction":327941.92324038467}
{"features":{"type":1,"values":[0.0,2000.0,3.0,2.0]},"Price":349900.0,"prediction":440383.5705688719}
{"features":{"type":1,"values":[7.0,924.0,2.0,2.0]},"Price":549000.0,"prediction":233646.80855753043}
{"features":{"type":1,"values":[21.0,2640.0,3.0,3.0]},"Price":1600000.0,"prediction":837476.7071151155}
{"features":{"type":1,"values":[2.0,1737.0,3.0,2.0]},"Price":355000.0,"prediction":367591.9333339493}
