{"features":{"type":1,"values":[4.0,2371.0,3.0,3.0]},"Price":795000.0,"prediction":625602.365676506}
{"features":{"type":1,"values":[10.0,3540.0,4.0,4.0]},"Price":909000.0,"prediction":1000465.7617591614}
{"features":{"type":1,"values":[14.0,1800.0,3.0,3.0]},"Price":324900.0,"prediction":539910.9232454185}
{"features":{"type":1,"values":[0.0,1400.0,3.0,2.0]},"Price":235900.0,"prediction":231114.79861281076}
{"features":{"type":1,"values":[30.0,1850.0,4.0,2.0]},"Price":399000.0,"prediction":546306.8159179572}
{"features":{"type":1,"values":[10.0,4168.0,4.0,3.0]},"Price":1100000.0,"prediction":1139187.1481910294}
{"features":{"type":1,"values":[0.0,1100.0,2.0,2.0]},"Price":140000.0,"prediction":237389.30071566047}
{"features":{"type":1,"values":[0.0,2351.0,4.0,3.0]},"Price":360000.0,"prediction":483302.8837393438}
{"features":{"type":1,"values":[3.0,2365.0,3.0,3.0]},"Price":525000.0,"prediction":614576.2724387508}
{"features":{"type":1,"values":[6.0,2990.0,3.0,3.0]},"Price":779000.0,"prediction":836153.904780929}
{"features":{"type":1,"values":[6.0,1200.0,3.0,2.0]},"Price":275000.0,"prediction":223983.30660536568}
{"features":{"type":1,"values":[8.0,768.0,2.0,1.0]},"Price":325000.0,"prediction":151292.50150106233}
{"features":{"type":1,"values":[3.0,1929.0,4.0,2.0]},"Price":320000.0,"prediction":323443.062886654}
{"features":{"type":1,"values":[0.0,1080.0,3.0,2.0]},"Price":140000.0,"prediction":131741.16954979257}
{"features":{"type":1,"values":[0.0,1296.0,3.0,2.0]},"Price":167900.0,"prediction":198818.36916732983}
{"features":{"type":1,"values":[4.0,1486.0,3.0,2.0]},"Price":495000.0,"prediction":294472.8121947911}
{"features":{"type":1,"values":[6.0,1519.0,3.0,3.0]},"Price":375000.0,"prediction":379345.7536818671}
{"features":{"type":1,"values":[0.0,2013.0,3.0,3.0]},"Price":249999.0,"prediction":477776.7673909602}
{"features":{"type":1,"values":[0.0,2800.0,4.0,3.0]},"Price":399000.0,"prediction":622736.5070183913}
{"features":{"type":1,"values":[1.0,1316.0,3.0,2.0]},"Price":294900.0,"prediction":214192.05867659205}
{"features":{"type":1,"values":[9.0,1872.0,4.0,4.0]},"Price":332000.0,"prediction":473317.8825753555}
{"features":{"type":1,"values":[22.0,3400.0,4.0,5.0]},"Price":499000.0,"prediction":1123243.2119622787}
{"features":{"type":1,"values":[1.0,3113.0,4.0,3.0]},"Price":432000.0,"prediction":729099.1756384794}
{"features":{"type":1,"values":[4.0,827.0,2.0,1.0]},"Price":199000.0,"prediction":132963.16358826213}
{"features":{"type":1,"values":[0.0,1857.0,4.0,3.0]},"Price":259000.0,"prediction":329894.8438733095}
{"features":{"type":1,"values":[19.0,797.0,2.0,2.0]},"Price":94000.0,"prediction":317388.8118602626}
{"features":{"type":1,"values":[1.0,1068.0,2.0,1.0]},"Price":299000.0,"prediction":180315.41489787705}
{"features":{"type":1,"values":[0.0,1300.0,3.0,3.0]},"Price":259900.0,"prediction":256359.9001349228}
{"features":{"type":1,"values":[0.0,1541.0,2.0,2.0]},"Price":220000.0,"prediction":374338.5832681324}
{"features":{"type":1,"values":[0.0,2400.0,5.0,4.0]},"Price":324000.0,"prediction":455381.5519444943}
{"features":{"type":1,"values":[6.0,1388.0,2.0,2.0]},"Price":205000.0,"prediction":381802.59302931814}
{"features":{"type":1,"values":[2.0,1022.0,3.0,2.0]},"Price":239000.0,"prediction":132055.37466776764}
{"features":{"type":1,"values":[17.0,1500.0,3.0,3.0]},"Price":325000.0,"prediction":474236.6590773095}
{"features":{"type":1,"values":[2.0,3827.0,4.0,3.0]},"Price":829900.0,"prediction":959989.4231781622}
{"features":{"type":1,"values":[1.0,1381.0,3.0,2.0]},"Price":279000.0,"prediction":234377.32708001763}
{"features":{"type":1,"values":[0.0,1860.0,4.0,2.0]},"Price":235000.0,"prediction":274527.11104147014}
{"features":{"type":1,"values":[1.0,1640.0,3.0,2.0]},"Price":355000.0,"prediction":314807.85810289794}
{"features":{"type":1,"values":[0.0,3050.0,4.0,4.0]},"Price":399900.0,"prediction":756671.5153281793}
{"features":{"type":1,"values":[0.0,1082.0,2.0,2.0]},"Price":180000.0,"prediction":231799.5340808657}
{"features":{"type":1,"values":[1.0,1176.0,3.0,2.0]},"Price":249000.0,"prediction":170716.09596152158}
{"features":{"type":1,"values":[1.0,1998.0,3.0,2.0]},"Price":389000.0,"prediction":425982.10561714944}
{"features":{"type":1,"values":[13.0,1797.0,4.0,2.0]},"Price":305000.0,"prediction":374079.8178263945}
{"features":{"type":1,"values":[0.0,1200.0,2.0,3.0]},"Price":160000.0,"prediction":324742.9204021588}
{"features":{"type":1,"values":[14.0,1265.0,3.0,3.0]},"Price":300000.0,"prediction":373770.6371556848}
{"features":{"type":1,"values":[1.0,1550.0,3.0,2.0]},"Price":225000.0,"prediction":286859.02492892405}
{"features":{"type":1,"values":[2.0,1426.0,2.0,2.0]},"Price":324900.0,"prediction":356951.86070925737}
{"features":{"type":1,"values":[0.0,1110.0,3.0,2.0]},"Price":165000.0,"prediction":141057.44727445053}
{"features":{"type":1,"values":[3.0,1756.0,3.0,2.0]},"Price":299000.0,"prediction":369156.4740238891}
{"features":{"type":1,"values":[17.0,1600.0,3.0,2.0]},"Price":499000.0,"prediction":448991.55755519745}
{"features":{"type":1,"values":[10.0,1510.0,3.0,3.0]},"Price":529000.0,"prediction":413202.22113576386}
{"features":{"type":1,"values":[4.0,1005.0,3.0,1.0]},"Price":289000.0,"prediction":88802.46540513673}
{"features":{"type":1,"values":[0.0,1800.0,2.0,3.0]},"Price":99999.0,"prediction":511068.474895318}
{"features":{"type":1,"values":[12.0,1062.0,3.0,2.0]},"Price":185000.0,"prediction":236105.45522888037}
{"features":{"type":1,"values":[4.0,2600.0,3.0,3.0]},"Price":520000.0,"prediction":696716.6189747284}
{"features":{"type":1,"values":[4.0,1368.0,3.0,2.0]},"Price":374900.0,"prediction":257828.78647780317}
{"features":{"type":1,"values":[1.0,1395.0,3.0,2.0]},"Price":350000.0,"prediction":238724.92335152466}
{"features":{"type":1,"values":[6.0,1042.0,2.0,2.0]},"Price":214000.0,"prediction":274354.8566049297}
{"features":{"type":1,"values":[3.0,1248.0,2.0,2.0]},"Price":139500.0,"prediction":310838.117235777}
{"features":{"type":1,"values":[5.0,3000.0,4.0,3.0]},"Price":360000.0,"prediction":730659.2136468954}
{"features":{"type":1,"values":[1.0,1300.0,3.0,2.0]},"Price":315000.0,"prediction":209223.37722344112}
{"features":{"type":1,"values":[1.0,1244.0,3.0,2.0]},"Price":279900.0,"prediction":191832.99213741292}
{"features":{"type":1,"values":[12.0,1350.0,3.0,2.0]},"Price":180000.0,"prediction":325541.7213855967}
{"features":{"type":1,"values":[30.0,3200.0,5.0,3.0]},"Price":445000.0,"prediction":922401.3947824412}
{"features":{"type":1,"values":[0.0,2004.0,3.0,2.0]},"Price":315000.0,"prediction":418682.5234692576}
{"features":{"type":1,"values":[0.0,1200.0,3.0,1.0]},"Price":191100.0,"prediction":112706.9198441192}
{"features":{"type":1,"values":[9.0,1818.0,5.0,3.0]},"Price":699900.0,"prediction":300811.94271723676}
{"features":{"type":1,"values":[0.0,2209.0,4.0,3.0]},"Price":359000.0,"prediction":439205.8358426295}
{"features":{"type":1,"values":[0.0,1857.0,4.0,3.0]},"Price":229900.0,"prediction":329894.8438733095}
{"features":{"type":1,"values":[1.0,1139.0,3.0,2.0]},"Price":269900.0,"prediction":159226.02010111007}
{"features":{"type":1,"values":[0.0,1300.0,3.0,2.0]},"Price":165000.0,"prediction":200060.53953061756}
{"features":{"type":1,"values":[0.0,2000.0,3.0,2.0]},"Price":380900.0,"prediction":417440.3531059699}
{"features":{"type":1,"values":[11.0,3474.0,3.0,3.0]},"Price":890000.0,"prediction":1032270.7072028619}
{"features":{"type":1,"values":[0.0,1700.0,2.0,3.0]},"Price":265000.0,"prediction":480014.2158131247}
{"features":{"type":1,"values":[0.0,1530.0,3.0,3.0]},"Price":189000.0,"prediction":327784.69602396706}
{"features":{"type":1,"values":[0.0,1088.0,2.0,2.0]},"Price":105000.0,"prediction":233662.78962579733}
{"features":{"type":1,"values":[1.0,1296.0,3.0,3.0]},"Price":335900.0,"prediction":264280.5674644586}
{"features":{"type":1,"values":[0.0,1080.0,3.0,2.0]},"Price":143000.0,"prediction":131741.16954979257}
{"features":{"type":1,"values":[11.0,1365.0,3.0,3.0]},"Price":374800.0,"prediction":377336.38315940736}
{"features":{"type":1,"values":[0.0,2367.0,4.0,3.0]},"Price":427900.0,"prediction":488271.5651924947}
{"features":{"type":1,"values":[6.0,780.0,2.0,1.0]},"Price":310000.0,"prediction":136693.33720527843}
{"features":{"type":1,"values":[8.0,1462.0,3.0,2.0]},"Price":479000.0,"prediction":323671.1407863589}
{"features":{"type":1,"values":[1.0,1440.0,2.0,2.0]},"Price":150000.0,"prediction":352136.61928794085}
{"features":{"type":1,"values":[0.0,2100.0,4.0,3.0]},"Price":285000.0,"prediction":405356.6934430389}
{"features":{"type":1,"values":[0.0,1200.0,3.0,2.0]},"Price":179900.0,"prediction":169006.28044842437}
{"features":{"type":1,"values":[4.0,3588.0,5.0,4.0]},"Price":850000.0,"prediction":860957.5006122437}
{"features":{"type":1,"values":[0.0,1776.0,3.0,2.0]},"Price":295900.0,"prediction":347878.8127618571}
{"features":{"type":1,"values":[0.0,1288.0,3.0,2.0]},"Price":179900.0,"prediction":196334.02844075437}
{"features":{"type":1,"values":[1.0,2006.0,4.0,3.0]},"Price":319200.0,"prediction":385328.5275986008}
{"features":{"type":1,"values":[2.0,2600.0,3.0,3.0]},"Price":669000.0,"prediction":678390.9435890813}
{"features":{"type":1,"values":[1.0,1080.0,3.0,2.0]},"Price":239900.0,"prediction":140904.00724261612}
{"features":{"type":1,"values":[4.0,3375.0,3.0,4.0]},"Price":849900.0,"prediction":993686.4874660306}
{"features":{"type":1,"values":[0.0,1600.0,4.0,3.0]},"Price":309900.0,"prediction":250085.39803207302}
{"features":{"type":1,"values":[8.0,1200.0,3.0,2.0]},"Price":310000.0,"prediction":242308.98199101278}
{"features":{"type":1,"values":[15.0,1363.0,3.0,2.0]},"Price":377000.0,"prediction":357067.28814475244}
{"features":{"type":1,"values":[0.0,920.0,2.0,1.0]},"Price":169990.0,"prediction":125192.27376340757}
{"features":{"type":1,"values":[0.0,1062.0,3.0,2.0]},"Price":249000.0,"prediction":126151.4029149978}
{"features":{"type":1,"values":[1.0,2700.0,5.0,3.0]},"Price":429000.0,"prediction":501407.80627959216}
{"features":{"type":1,"values":[0.0,2400.0,4.0,3.0]},"Price":289900.0,"prediction":498519.47068961844}
{"features":{"type":1,"values":[6.0,1120.0,3.0,2.0]},"Price":259900.0,"prediction":199139.89933961115}
{"features":{"type":1,"values":[17.0,1204.0,3.0,2.0]},"Price":399000.0,"prediction":326016.69158971246}
{"features":{"type":1,"values":[0.0,1000.0,3.0,2.0]},"Price":110000.0,"prediction":106897.76228403805}
{"features":{"type":1,"values":[2.0,2135.0,3.0,3.0]},"Price":449900.0,"prediction":533988.6388568829}
{"features":{"type":1,"values":[1.0,1870.0,4.0,2.0]},"Price":429000.0,"prediction":286795.37464251294}
{"features":{"type":1,"values":[15.0,1281.0,3.0,3.0]},"Price":269000.0,"prediction":387902.15630165924}
{"features":{"type":1,"values":[0.0,1174.0,4.0,2.0]},"Price":256000.0,"prediction":61494.89373762485}
{"features":{"type":1,"values":[1.0,1888.0,4.0,3.0]},"Price":399000.0,"prediction":348684.5018816129}
{"features":{"type":1,"values":[3.0,2703.0,3.0,3.0]},"Price":650000.0,"prediction":719539.6681365637}
{"features":{"type":1,"values":[1.0,1960.0,3.0,2.0]},"Price":409000.0,"prediction":414181.48716591607}
{"features":{"type":1,"values":[2.0,756.0,2.0,1.0]},"Price":95000.0,"prediction":92588.96425425788}
{"features":{"type":1,"values":[0.0,1712.0,3.0,2.0]},"Price":204000.0,"prediction":328004.0869492535}
{"features":{"type":1,"values":[15.0,1500.0,4.0,3.0]},"Price":498900.0,"prediction":356473.7043422331}
{"features":{"type":1,"values":[0.0,1671.0,3.0,2.0]},"Price":229900.0,"prediction":315271.84072555427}
{"features":{"type":1,"values":[5.0,1338.0,4.0,2.0]},"Price":199900.0,"prediction":158238.06709653945}
{"features":{"type":1,"values":[0.0,2100.0,4.0,3.0]},"Price":266800.0,"prediction":405356.6934430389}
{"features":{"type":1,"values":[2.0,5200.0,5.0,4.0]},"Price":949000.0,"prediction":1343226.4816315505}
{"features":{"type":1,"values":[0.0,1733.0,3.0,2.0]},"Price":249900.0,"prediction":334525.4813565141}
{"features":{"type":1,"values":[15.0,1868.0,4.0,3.0]},"Price":395000.0,"prediction":470753.3777647039}
{"features":{"type":1,"values":[0.0,1700.0,3.0,2.0]},"Price":286500.0,"prediction":324277.57585939026}
{"features":{"type":1,"values":[12.0,2400.0,4.0,2.0]},"Price":325000.0,"prediction":552174.162399196}
{"features":{"type":1,"values":[0.0,900.0,2.0,2.0]},"Price":95000.0,"prediction":175280.78255127414}
{"features":{"type":1,"values":[0.0,1656.0,4.0,2.0]},"Price":239900.0,"prediction":211176.422513796}
{"features":{"type":1,"values":[4.0,1916.0,3.0,2.0]},"Price":450000.0,"prediction":428006.1262482218}
{"features":{"type":1,"values":[11.0,1756.0,3.0,3.0]},"Price":440000.0,"prediction":498758.5361707827}
{"features":{"type":1,"values":[33.0,1201.0,3.0,1.0]},"Price":40900.0,"prediction":415391.1062981183}
{"features":{"type":1,"values":[0.0,1257.0,3.0,2.0]},"Price":185000.0,"prediction":186707.20812527448}
{"features":{"type":1,"values":[8.0,1522.0,3.0,1.0]},"Price":349900.0,"prediction":286004.3356313697}
{"features":{"type":1,"values":[0.0,1200.0,3.0,2.0]},"Price":135000.0,"prediction":169006.28044842437}
{"features":{"type":1,"values":[1.0,2082.0,3.0,2.0]},"Price":599000.0,"prediction":452067.68324619177}
{"features":{"type":1,"values":[25.0,3800.0,5.0,4.0]},"Price":1195000.0,"prediction":1119212.1214157876}
{"features":{"type":1,"values":[0.0,1200.0,2.0,2.0]},"Price":129000.0,"prediction":268443.55979785364}
{"features":{"type":1,"values":[7.0,2080.0,3.0,2.0]},"Price":639900.0,"prediction":506423.62422148924}
{"features":{"type":1,"values":[0.0,3000.0,5.0,4.0]},"Price":699900.0,"prediction":641707.1064376535}
{"features":{"type":1,"values":[8.0,3621.0,3.0,3.0]},"Price":999000.0,"prediction":1050431.954975215}
{"features":{"type":1,"values":[9.0,1840.0,3.0,2.0]},"Price":359900.0,"prediction":450219.07780987263}
{"features":{"type":1,"values":[8.0,1240.0,3.0,2.0]},"Price":329900.0,"prediction":254730.68562389005}
{"features":{"type":1,"values":[13.0,1936.0,3.0,2.0]},"Price":509000.0,"prediction":516682.5173000723}
{"features":{"type":1,"values":[0.0,1056.0,2.0,2.0]},"Price":36000.0,"prediction":223725.42671949547}
{"features":{"type":1,"values":[1.0,1467.0,3.0,2.0]},"Price":349000.0,"prediction":261083.98989070373}
{"features":{"type":1,"values":[14.0,1044.0,2.0,2.0]},"Price":1195000.0,"prediction":348278.643329162}
{"features":{"type":1,"values":[0.0,1430.0,4.0,2.0]},"Price":200000.0,"prediction":140993.79698803942}
{"features":{"type":1,"values":[9.0,1953.0,3.0,3.0]},"Price":729000.0,"prediction":541609.7511770562}
{"features":{"type":1,"values":[6.0,1440.0,3.0,2.0]},"Price":149000.0,"prediction":298513.5284026293}
{"features":{"type":1,"values":[6.0,2187.0,3.0,2.0]},"Price":625000.0,"prediction":530488.8437466124}
{"features":{"type":1,"values":[7.0,2817.0,3.0,3.0]},"Price":920000.0,"prediction":791592.8742615582}
{"features":{"type":1,"values":[2.0,2100.0,3.0,3.0]},"Price":449000.0,"prediction":523119.6481781153}
{"features":{"type":1,"values":[10.0,2306.0,3.0,2.0]},"Price":982800.0,"prediction":604094.7628257165}
{"features":{"type":1,"values":[9.0,919.0,2.0,2.0]},"Price":650000.0,"prediction":263646.63101230277}
{"features":{"type":1,"values":[12.0,1356.0,3.0,2.0]},"Price":209900.0,"prediction":327404.97693052836}
{"features":{"type":1,"values":[1.0,940.0,3.0,1.0]},"Price":199000.0,"prediction":41128.68392324049}
{"features":{"type":1,"values":[1.0,1344.0,3.0,2.0]},"Price":270000.0,"prediction":222887.2512196061}
{"features":{"type":1,"values":[26.0,1437.0,2.0,2.0]},"Price":695000.0,"prediction":580275.9338360638}
{"features":{"type":1,"values":[2.0,1041.0,3.0,2.0]},"Price":229900.0,"prediction":137955.68389338432}
{"features":{"type":1,"values":[25.0,1526.0,3.0,2.0]},"Price":199900.0,"prediction":499314.10737696296}
{"features":{"type":1,"values":[0.0,1378.0,4.0,2.0]},"Price":197600.0,"prediction":124845.58226529896}
{"features":{"type":1,"values":[11.0,1382.0,3.0,2.0]},"Price":475000.0,"prediction":326316.246599075}
{"features":{"type":1,"values":[1.0,1351.0,2.0,2.0]},"Price":214900.0,"prediction":324498.32870478893}
{"features":{"type":1,"values":[17.0,1536.0,2.0,2.0]},"Price":125000.0,"prediction":528554.1110920232}
{"features":{"type":1,"values":[0.0,2800.0,4.0,3.0]},"Price":349900.0,"prediction":622736.5070183913}
{"features":{"type":1,"values":[17.0,1720.0,3.0,2.0]},"Price":525000.0,"prediction":486256.6684538293}
{"features":{"type":1,"values":[1.0,1877.0,3.0,2.0]},"Price":495000.0,"prediction":388406.4521276957}
