{"features":{"type":1,"values":[1.0,3032.0,4.0,3.0]},"Price":545000.0,"prediction":695364.8949276365}
{"features":{"type":1,"values":[14.0,1800.0,3.0,3.0]},"Price":324900.0,"prediction":544294.6535569864}
{"features":{"type":1,"values":[0.0,1603.0,4.0,2.0]},"Price":192900.0,"prediction":192548.1439415264}
{"features":{"type":1,"values":[0.0,1400.0,3.0,2.0]},"Price":249000.0,"prediction":231018.9243769455}
{"features":{"type":1,"values":[3.0,1257.0,2.0,2.0]},"Price":299000.0,"prediction":317403.8441957239}
{"features":{"type":1,"values":[12.0,2950.0,3.0,3.0]},"Price":599000.0,"prediction":879016.7980560646}
{"features":{"type":1,"values":[11.0,4168.0,4.0,3.0]},"Price":1100000.0,"prediction":1143480.6678522965}
{"features":{"type":1,"values":[0.0,1700.0,3.0,3.0]},"Price":279000.0,"prediction":376157.2547000522}
{"features":{"type":1,"values":[0.0,1206.0,4.0,2.0]},"Price":250000.0,"prediction":70223.80198948449}
{"features":{"type":1,"values":[0.0,1450.0,3.0,3.0]},"Price":199000.0,"prediction":299126.8126647613}
{"features":{"type":1,"values":[17.0,6500.0,4.0,3.0]},"Price":1399000.0,"prediction":1920874.2977472688}
{"features":{"type":1,"values":[0.0,2250.0,3.0,4.0]},"Price":499000.0,"prediction":598326.0270584497}
{"features":{"type":1,"values":[4.0,2688.0,7.0,5.0]},"Price":325000.0,"prediction":421142.94163925515}
{"features":{"type":1,"values":[0.0,900.0,1.0,1.0]},"Price":119000.0,"prediction":226295.23916175662}
{"features":{"type":1,"values":[17.0,3100.0,4.0,4.0]},"Price":799000.0,"prediction":925962.0859480707}
{"features":{"type":1,"values":[0.0,1042.0,3.0,1.0]},"Price":129900.0,"prediction":68009.53150165133}
{"features":{"type":1,"values":[0.0,1064.0,5.0,2.0]},"Price":148900.0,"prediction":-74548.98845463598}
{"features":{"type":1,"values":[0.0,1940.0,4.0,3.0]},"Price":225000.0,"prediction":349086.97968585615}
{"features":{"type":1,"values":[0.0,2013.0,3.0,3.0]},"Price":249999.0,"prediction":472599.3681282364}
{"features":{"type":1,"values":[2.0,3387.0,4.0,4.0]},"Price":750000.0,"prediction":867258.8669301369}
{"features":{"type":1,"values":[2.0,3305.0,4.0,3.0]},"Price":810000.0,"prediction":789291.0820618039}
{"features":{"type":1,"values":[1.0,1316.0,3.0,2.0]},"Price":294900.0,"prediction":214945.64028471758}
{"features":{"type":1,"values":[21.0,1092.0,3.0,2.0]},"Price":194900.0,"prediction":342105.2528536941}
{"features":{"type":1,"values":[28.0,1705.0,3.0,2.0]},"Price":309900.0,"prediction":599646.5077456362}
{"features":{"type":1,"values":[17.0,2100.0,2.0,3.0]},"Price":479000.0,"prediction":767177.5166623001}
{"features":{"type":1,"values":[1.0,1440.0,3.0,2.0]},"Price":164900.0,"prediction":253152.73953422185}
{"features":{"type":1,"values":[0.0,1218.0,3.0,2.0]},"Price":242500.0,"prediction":174940.76257525376}
{"features":{"type":1,"values":[1.0,2764.0,5.0,3.0]},"Price":599900.0,"prediction":511768.76169772935}
{"features":{"type":1,"values":[1.0,1662.0,3.0,2.0]},"Price":249000.0,"prediction":321555.7720615602}
{"features":{"type":1,"values":[4.0,1033.0,2.0,2.0]},"Price":179000.0,"prediction":258193.51256373312}
{"features":{"type":1,"values":[32.0,1500.0,3.0,2.0]},"Price":425000.0,"prediction":575717.3230032171}
{"features":{"type":1,"values":[6.0,896.0,2.0,2.0]},"Price":150000.0,"prediction":235598.7191916534}
{"features":{"type":1,"values":[26.0,936.0,3.0,1.0]},"Price":69900.0,"prediction":290381.1793010641}
{"features":{"type":1,"values":[2.0,1022.0,3.0,2.0]},"Price":239000.0,"prediction":134166.7848828454}
{"features":{"type":1,"values":[1.0,1209.0,3.0,2.0]},"Price":299900.0,"prediction":181976.61109361312}
{"features":{"type":1,"values":[0.0,731.0,1.0,1.0]},"Price":105000.0,"prediction":174222.6603459}
{"features":{"type":1,"values":[2.0,3387.0,4.0,4.0]},"Price":820000.0,"prediction":867258.8669301369}
{"features":{"type":1,"values":[1.0,1250.0,2.0,1.0]},"Price":399000.0,"prediction":242927.3030747184}
{"features":{"type":1,"values":[3.0,1772.0,3.0,3.0]},"Price":399000.0,"prediction":427768.85530110553}
{"features":{"type":1,"values":[1.0,1889.0,3.0,3.0]},"Price":330000.0,"prediction":444201.21331036196}
{"features":{"type":1,"values":[2.0,1900.0,4.0,3.0]},"Price":454500.0,"prediction":356379.9978234692}
{"features":{"type":1,"values":[0.0,1300.0,3.0,2.0]},"Price":185000.0,"prediction":200206.74756282914}
{"features":{"type":1,"values":[1.0,1998.0,3.0,2.0]},"Price":389000.0,"prediction":425084.6861569911}
{"features":{"type":1,"values":[17.0,1797.0,4.0,2.0]},"Price":305000.0,"prediction":419075.8222986196}
{"features":{"type":1,"values":[1.0,1550.0,3.0,2.0]},"Price":225000.0,"prediction":287046.1340297499}
{"features":{"type":1,"values":[0.0,1650.0,4.0,2.0]},"Price":233000.0,"prediction":207029.86704416104}
{"features":{"type":1,"values":[0.0,1113.0,2.0,2.0]},"Price":209900.0,"prediction":243607.4762885068}
{"features":{"type":1,"values":[6.0,3249.0,3.0,3.0]},"Price":650000.0,"prediction":912291.5401404934}
{"features":{"type":1,"values":[11.0,1510.0,3.0,3.0]},"Price":529000.0,"prediction":425512.50750115945}
{"features":{"type":1,"values":[2.0,2135.0,4.0,4.0]},"Price":409900.0,"prediction":481490.4132174003}
{"features":{"type":1,"values":[7.0,1827.0,3.0,2.0]},"Price":469000.0,"prediction":431249.53039463126}
{"features":{"type":1,"values":[3.0,1005.0,3.0,1.0]},"Price":289000.0,"prediction":86035.85937531787}
{"features":{"type":1,"values":[12.0,1062.0,3.0,2.0]},"Price":185000.0,"prediction":244581.09992479047}
{"features":{"type":1,"values":[1.0,2161.0,4.0,2.0]},"Price":369900.0,"prediction":374289.03499592544}
{"features":{"type":1,"values":[1.0,1000.0,2.0,1.0]},"Price":199000.0,"prediction":165896.86103942757}
{"features":{"type":1,"values":[3.0,2600.0,3.0,3.0]},"Price":520000.0,"prediction":682893.6793219888}
{"features":{"type":1,"values":[0.0,1144.0,3.0,2.0]},"Price":225000.0,"prediction":152139.75173280764}
{"features":{"type":1,"values":[0.0,2300.0,4.0,3.0]},"Price":399000.0,"prediction":460010.816216675}
{"features":{"type":1,"values":[6.0,720.0,2.0,1.0]},"Price":249900.0,"prediction":128667.48811805103}
{"features":{"type":1,"values":[4.0,2600.0,4.0,3.0]},"Price":550000.0,"prediction":591683.1243855434}
{"features":{"type":1,"values":[4.0,1248.0,2.0,2.0]},"Price":139500.0,"prediction":324439.6927140833}
{"features":{"type":1,"values":[12.0,1350.0,3.0,2.0]},"Price":180000.0,"prediction":333320.16914944554}
{"features":{"type":1,"values":[0.0,1377.0,4.0,2.0]},"Price":210000.0,"prediction":122912.62434162342}
{"features":{"type":1,"values":[0.0,1400.0,4.0,2.0]},"Price":199000.0,"prediction":129999.42500887022}
{"features":{"type":1,"values":[2.0,1030.0,3.0,1.0]},"Price":264450.0,"prediction":83929.9591472171}
{"features":{"type":1,"values":[17.0,1999.0,3.0,2.0]},"Price":459000.0,"prediction":582335.9188312099}
{"features":{"type":1,"values":[9.0,2200.0,3.0,3.0]},"Price":875000.0,"prediction":618498.6386553025}
{"features":{"type":1,"values":[0.0,1400.0,3.0,2.0]},"Price":229900.0,"prediction":231018.9243769455}
{"features":{"type":1,"values":[1.0,1139.0,3.0,2.0]},"Price":269900.0,"prediction":160408.08732373166}
{"features":{"type":1,"values":[0.0,2248.0,4.0,3.0]},"Price":309900.0,"prediction":443988.4842733345}
{"features":{"type":1,"values":[3.0,972.0,2.0,1.0]},"Price":265000.0,"prediction":176887.3403947347}
{"features":{"type":1,"values":[0.0,1088.0,2.0,2.0]},"Price":105000.0,"prediction":235904.4320849777}
{"features":{"type":1,"values":[25.0,5307.0,4.0,5.0]},"Price":1999000.0,"prediction":1737160.1835694148}
{"features":{"type":1,"values":[0.0,1856.0,4.0,2.0]},"Price":294900.0,"prediction":270502.95128124073}
{"features":{"type":1,"values":[6.0,780.0,2.0,1.0]},"Price":310000.0,"prediction":147154.79420652083}
{"features":{"type":1,"values":[0.0,1768.0,4.0,3.0]},"Price":299000.0,"prediction":296090.03556557605}
{"features":{"type":1,"values":[0.0,1776.0,3.0,2.0]},"Price":295900.0,"prediction":346872.709198023}
{"features":{"type":1,"values":[0.0,1900.0,3.0,3.0]},"Price":270000.0,"prediction":437781.6083282848}
{"features":{"type":1,"values":[6.0,5103.0,6.0,7.0]},"Price":1249000.0,"prediction":1391297.9996930151}
{"features":{"type":1,"values":[10.0,1190.0,2.0,2.0]},"Price":239800.0,"prediction":365422.29675167485}
{"features":{"type":1,"values":[1.0,2446.0,3.0,2.0]},"Price":402500.0,"prediction":563123.2382842323}
{"features":{"type":1,"values":[2.0,1514.0,3.0,2.0]},"Price":369000.0,"prediction":285762.69480829785}
{"features":{"type":1,"values":[4.0,3698.0,3.0,4.0]},"Price":879000.0,"prediction":1083722.1250533736}
{"features":{"type":1,"values":[0.0,1200.0,3.0,2.0]},"Price":220000.0,"prediction":169394.57074871278}
{"features":{"type":1,"values":[1.0,2271.0,3.0,3.0]},"Price":580000.0,"prediction":561903.7287402863}
{"features":{"type":1,"values":[32.0,2018.0,4.0,2.0]},"Price":184800.0,"prediction":634304.8995322643}
{"features":{"type":1,"values":[0.0,1934.0,4.0,2.0]},"Price":185000.0,"prediction":294536.4491962515}
{"features":{"type":1,"values":[2.0,1041.0,2.0,2.0]},"Price":145000.0,"prediction":241040.5978456027}
{"features":{"type":1,"values":[0.0,1859.0,3.0,3.0]},"Price":245000.0,"prediction":425148.61583449715}
{"features":{"type":1,"values":[2.0,1261.0,3.0,3.0]},"Price":235000.0,"prediction":260509.68734934108}
{"features":{"type":1,"values":[0.0,1840.0,3.0,2.0]},"Price":399000.0,"prediction":366592.50235905737}
{"features":{"type":1,"values":[0.0,1622.0,3.0,2.0]},"Price":350000.0,"prediction":299421.9569042838}
{"features":{"type":1,"values":[12.0,1184.0,3.0,2.0]},"Price":199500.0,"prediction":282171.95563801244}
{"features":{"type":1,"values":[0.0,1000.0,3.0,2.0]},"Price":110000.0,"prediction":107770.21712048011}
{"features":{"type":1,"values":[15.0,1281.0,3.0,3.0]},"Price":269000.0,"prediction":394188.4003233524}
{"features":{"type":1,"values":[11.0,1236.0,3.0,2.0]},"Price":435000.0,"prediction":288385.3431497231}
{"features":{"type":1,"values":[1.0,2064.0,4.0,2.0]},"Price":409000.0,"prediction":344401.22348623263}
{"features":{"type":1,"values":[0.0,1092.0,3.0,2.0]},"Price":164900.0,"prediction":136117.41978946715}
{"features":{"type":1,"values":[0.0,1275.0,3.0,2.0]},"Price":199900.0,"prediction":192503.70335930007}
{"features":{"type":1,"values":[14.0,885.0,2.0,2.0]},"Price":170000.0,"prediction":310680.9351951395}
{"features":{"type":1,"values":[0.0,1712.0,3.0,2.0]},"Price":204000.0,"prediction":327152.91603698855}
{"features":{"type":1,"values":[0.0,1807.0,3.0,2.0]},"Price":250000.0,"prediction":356424.484010399}
{"features":{"type":1,"values":[1.0,2502.0,4.0,3.0]},"Price":529000.0,"prediction":532060.3578128198}
{"features":{"type":1,"values":[0.0,1526.0,3.0,2.0]},"Price":159900.0,"prediction":269842.2671627321}
{"features":{"type":1,"values":[2.0,756.0,2.0,1.0]},"Price":90000.0,"prediction":100524.09404461354}
{"features":{"type":1,"values":[0.0,1008.0,3.0,2.0]},"Price":179900.0,"prediction":110235.19126560944}
{"features":{"type":1,"values":[1.0,2236.0,4.0,2.0]},"Price":390000.0,"prediction":397398.1676065127}
{"features":{"type":1,"values":[15.0,1868.0,4.0,3.0]},"Price":395000.0,"prediction":474036.37885414006}
{"features":{"type":1,"values":[15.0,1475.0,3.0,3.0]},"Price":375000.0,"prediction":453964.02334273816}
{"features":{"type":1,"values":[15.0,1868.0,4.0,3.0]},"Price":395000.0,"prediction":474036.37885414006}
{"features":{"type":1,"values":[1.0,1657.0,3.0,2.0]},"Price":304900.0,"prediction":320015.16322085436}
{"features":{"type":1,"values":[0.0,1700.0,3.0,2.0]},"Price":286500.0,"prediction":323455.45481929457}
{"features":{"type":1,"values":[7.0,1278.0,3.0,2.0]},"Price":375000.0,"prediction":262090.6796851325}
{"features":{"type":1,"values":[0.0,980.0,2.0,2.0]},"Price":187900.0,"prediction":202627.28112573203}
{"features":{"type":1,"values":[2.0,2000.0,3.0,3.0]},"Price":349000.0,"prediction":488211.6740056609}
{"features":{"type":1,"values":[2.0,2000.0,3.0,2.0]},"Price":449970.0,"prediction":435509.8741249033}
{"features":{"type":1,"values":[7.0,1902.0,3.0,2.0]},"Price":419000.0,"prediction":454358.66300521843}
{"features":{"type":1,"values":[3.0,1568.0,3.0,3.0]},"Price":400000.0,"prediction":364912.01460030815}
{"features":{"type":1,"values":[0.0,1257.0,3.0,2.0]},"Price":185000.0,"prediction":186957.5115327591}
{"features":{"type":1,"values":[0.0,2150.0,4.0,3.0]},"Price":364000.0,"prediction":413792.5509955004}
{"features":{"type":1,"values":[0.0,1500.0,3.0,2.0]},"Price":177000.0,"prediction":261831.1011910618}
{"features":{"type":1,"values":[0.0,1860.0,4.0,2.0]},"Price":399900.0,"prediction":271735.4383538054}
{"features":{"type":1,"values":[8.0,1698.0,2.0,2.0]},"Price":480000.0,"prediction":502330.26610412623}
{"features":{"type":1,"values":[0.0,3000.0,5.0,4.0]},"Price":699900.0,"prediction":627378.3544281716}
{"features":{"type":1,"values":[8.0,1840.0,3.0,2.0]},"Price":359900.0,"prediction":445064.05781209614}
{"features":{"type":1,"values":[0.0,1520.0,3.0,3.0]},"Price":179900.0,"prediction":320695.3364346428}
{"features":{"type":1,"values":[1.0,1467.0,3.0,2.0]},"Price":349000.0,"prediction":261472.02727403326}
{"features":{"type":1,"values":[0.0,2150.0,4.0,3.0]},"Price":299900.0,"prediction":413792.5509955004}
{"features":{"type":1,"values":[13.0,1576.0,3.0,2.0]},"Price":419900.0,"prediction":412764.6331809783}
{"features":{"type":1,"values":[6.0,1536.0,2.0,2.0]},"Price":189000.0,"prediction":432796.6508019981}
{"features":{"type":1,"values":[5.0,1082.0,3.0,2.0]},"Price":163900.0,"prediction":182080.92426620473}
{"features":{"type":1,"values":[0.0,1430.0,4.0,2.0]},"Price":200000.0,"prediction":139243.07805310513}
{"features":{"type":1,"values":[6.0,2187.0,3.0,2.0]},"Price":625000.0,"prediction":532364.4224938203}
{"features":{"type":1,"values":[20.0,1511.0,4.0,2.0]},"Price":186900.0,"prediction":360379.82990513643}
{"features":{"type":1,"values":[0.0,1972.0,3.0,2.0]},"Price":179900.0,"prediction":407264.57575369097}
{"features":{"type":1,"values":[2.0,120.0,2.0,2.0]},"Price":67500.0,"prediction":-42739.550612408806}
{"features":{"type":1,"values":[4.0,1336.0,4.0,2.0]},"Price":259000.0,"prediction":149515.40957435514}
{"features":{"type":1,"values":[1.0,940.0,3.0,1.0]},"Price":199000.0,"prediction":46390.05558288255}
{"features":{"type":1,"values":[3.0,1575.0,5.0,2.0]},"Price":239800.0,"prediction":112328.06836038808}
{"features":{"type":1,"values":[2.0,2628.0,6.0,3.0]},"Price":425000.0,"prediction":378653.6462940858}
{"features":{"type":1,"values":[0.0,1145.0,2.0,1.0]},"Price":355000.0,"prediction":200765.57298826642}
{"features":{"type":1,"values":[0.0,1850.0,3.0,3.0]},"Price":299000.0,"prediction":422375.51992122666}
{"features":{"type":1,"values":[0.0,2300.0,4.0,3.0]},"Price":265000.0,"prediction":460010.816216675}
{"features":{"type":1,"values":[8.0,1860.0,3.0,3.0]},"Price":865000.0,"prediction":503928.2930556771}
{"features":{"type":1,"values":[17.0,1850.0,3.0,2.0]},"Price":625000.0,"prediction":536425.7753781765}
{"features":{"type":1,"values":[9.0,1440.0,2.0,2.0]},"Price":339000.0,"prediction":432643.7943553359}
{"features":{"type":1,"values":[1.0,1772.0,2.0,3.0]},"Price":399000.0,"prediction":509170.465805921}
{"features":{"type":1,"values":[3.0,1975.0,3.0,2.0]},"Price":589000.0,"prediction":437615.774353004}
